erantzunZbkia,gaixotasunCodes,sintomak
0,C0012634 # C0039082 ,- # - 
1,,
2,,
3,C0019189 ,- 
4,C0014868 # C0334044 # C0001418 # C0017150 ,"Denosumab, Lansoprazol, Omeprazol, Pantoprazol, Q27122012, Q5268339, esomeprazol, sucralfato # - # - # Q20801757 "
5,C0334108 # C0006826 # C0936282 # C0012634 # C0039082 ,"- # Colecalciferol, Prednisolona, Prednisona, dexametasona, metilprednisolona, Ácido alfa-linolénico # - # - # - "
6,C0002793 # C0001430 ,- # - 
7,,
8,C0206682 # C0007133 # C0206683 ,- # - # - 
9,,
10,,
11,C0205647 # C0206682 # C0019360 # C0206682 # C0006826 # C0020507 # C0936282 # C0205647 # C0949541 # C1510502 # C0007133 ,"Octreotida # - # Gabapentina, Pregabalina, Valaciclovir, aciclovir, capsaicina, famciclovir # - # Colecalciferol, Prednisolona, Prednisona, dexametasona, metilprednisolona, Ácido alfa-linolénico # - # - # Octreotida # - # - # - "
12,C0011127 ,"Q5145911, óxido nítrico "
13,C0162566 # C0011603 # C0162565 ,"hidroxicloroquina # Q21098894, Q27110219, Q4713192, Q4742041, Q7784698, besamestazona, clobetasol, doxiciclina, glicerol, metionina, ácido bórico, ácido láctico, óxido de zinc # Clorpromazina "
14,C0042109 ,"Astemizol, Cetirizina, Cimetidina, Clemastina, Desloratadina, Famotidina, Feniramina, Fexofenadina, Levocetirizina, Montelukast, Nizatidina, Omalizumab, Q2623251, Q27126856, Q342745, Q415203, Q4926102, Q599160, Q6583284, Q6665709, Q7181443, clorfenamina, cyproheptadine, loratadina "
15,C0020550 # C0024899 # C0002726 ,"Metimazol, Propiltiouracilo, Q1672108 # Ácido cromoglícico # Bortezomib, Ixazomib, Melfalán, Pomalidomida, acetilcisteína, dexametasona, lenalidomida, talidomida "
16,C0015230 # C0024530 # C0041466 # C0011311 ,"- # Artesunato/amodiaquina, Atovaquona, Cinchonidina, Cloroquina, Mefloquina, Primaquina, Q27279400, Quinidina, artemisina, clindamicina, doxiciclina, hidroxicloroquina, pirimetamina, quinina, sulfadiazina # Aztreonam, Cefixima, Cefotaxima, Gatifloxacina, Imipenem, Levofloxacino, Ofloxacino, Q2601859, amoxicilina, ampicilina, azitromicina, ceftriaxona, ciprofloxacino # - "
17,,
18,,
19,,
20,,
21,,
22,,
23,,
24,,
25,C0002390 # C0032273 # C0036202 # C0238258 # C0020807 ,- # - # - # - # - 
26,,
27,C0700292 # C0001127 # C0035229 # C0035229 # C0700292 ,- # - # - # - # - 
28,,
29,C0018799 # C0014544 # C0020615 ,"Amiodarona, Apixaban, Carvedilol, Clopidogrel, Dobutamina, Evolocumab, Metoprolol, Palivizumab, Q20078502, Q263612, Q3712521, Q48566700, Q48566757, Q48566808, Q6457467, Q7700570, Rivaroxaban, Ticagrelor, Valsartán, Warfarina, atorvastatina, furosemida, nitroglicerina, rosuvastatina, sildenafilo, ácido acetilsalicílico # Acetazolamida, Clobazam, Etosuximida, Gabapentina, Lacosamida, Lamotrigina, Levetiracetam, Mefobarbital, Metosuximida, Oxcarbazepina, Pregabalina, Primidona, Q408099, Q421301, Q4533122, Q5473363, Q7181340, Retigabina, Topiramato, Vigabatrina, Zonisamida, carbamazepina, clonazepam, diazepam, fenitoína, fenobarbital, perampanel # - "
30,C0011127 # C0865850 # C0037315 # C0026848 # C0040100 ,"Q5145911, óxido nítrico # - # Presión positiva continua en la vía aérea # - # - "
31,C0002940 # C0038525 # C0085437 ,"- # Nimodipina, Ácido tranexámico # Cefotaxima, Ceftazidima, Nafcilina, Oxacilina, ampicilina, ceftriaxona "
32,C0494491 # C0494491 ,- # - 
33,,
34,,
35,C0000833 # C0678222 ,"cefotetan, cefoxitina, metronidazol # ciclofosfamida "
36,,
37,C0007097 # C0025064 ,"Anastrozol, Bevacizumab, Cabazitaxel, Dietilestilbestrol, Everolimus, Ipilimumab, Olaparib, Q3877030, Q4830631, Tolvaptan, Trastuzumab, lidocaína, paclitaxel, regonafenib, sirólimus # - "
38,,
39,,
40,C0012634 # C0039082 # C0012634 ,- # - # - 
41,C0012634 # C0039082 ,- # - 
42,,
43,,
44,C0012634 # C0039082 # C0012634 # C0398623 ,- # - # - # Rivaroxaban 
45,,
46,C0019163 ,"Lamivudina, Q22075912, Q27126952, Q27132753, Q27271958, Q353551, Q420056, Tenofovir "
47,C0025193 # C0013415 # C0282126 # C0010598 # C0010598 ,"- # - # Alprazolam, Bupropion, Buspirona, Citalopram, Doxepina, Escitalopram, Fenelzina, Fluvoxamina, Isocarboxazida, Isoflurano, Maprotilina, Mirtazapina, Nefazodona, Nortriptilina, Pramipexol, Q408432, Q423498, Selegilina, Temazepam, Tranilcipromina, Trazodona, amitriptilina, amoxapina, clomipramina, desipramina, fluoxetina, imipramina, lorazepam, metilfenidato, paroxetina, sal de litio, sertralina, venlafaxina # - # - "
48,C0012634 # C0039082 # C0025193 # C0001818 ,- # - # - # Alprazolam 
49,C0011860 # C0011880 # C0011880 ,"actividad física, dieta sana, estatina, inhibidor de la enzima convertidora de angiotensina, metformina # - # - "
50,C0018051 # C0041408 # C1527168 # C0032617 # C0032617 # C0271561 # C0010276 ,- # - # - # Amilorida # Amilorida # - # - 
51,,
52,C0012634 # C0039082 ,- # - 
53,,
54,C0006285 ,- 
55,,
56,,
57,,
58,C0017919 ,Q2919537 
59,C0332712 ,- 
60,,
61,C0025193 # C0025193 # C0032343 # C0032343 # C0497327 ,"- # - # - # - # Aripiprazol, Citalopram, Dihidroergocriptina, Dihidroergocristina, Donepezilo, Galantamina, Memantina, Olanzapina, Q423520, Q7194603, Rivastigmina, Tacrina, quetiapina, risperidona "
62,,
63,C0002962 # C0151744 # C0878544 # C0031048 # C0031039 ,"Acebutolol, Atenolol, Bisoprolol, Carvedilol, Diltiazem, Esmolol, Felodipina, Labetalol, Metoprolol, Mibefradil, Nadolol, Nicardipina, Nifedipina, Nisoldipino, Nitrito de amilo, Penbutolol, Pent, Pindolol, Q414873, Q417174, Q4890934, Sulfinpirazona, Timolol, Verapamilo, amlodipina, coenzima Q10, isosorbide, nitroglicerina, papaverina, propranolol # Cerivastatina, Clofibrato, Colesevelam, Colestipol, Colestiramina, Dextrotiroxina, Evolocumab, Lovastatina, Probucol, Q2295855, Q277785, Q415366, Q5037872, Sulfinpirazona, atorvastatina, fenofibrato, fluvastatina, gemfibrozilo, isosorbide, pravastatina, simvastatina # Q425729, Q6457467 # - # - "
64,,
65,,
66,C0035229 # C0035229 # C0035229 # C0035229 # C0035229 # C0035229 # C0035229 # C0035229 # C0035229 # C0035229 ,- # - # - # - # - # - # - # - # - # - 
67,C0949083 # C0238258 ,- # - 
68,C0018946 # C0011880 ,- # - 
69,C0019360 # C0019360 # C0022116 # C0012634 # C0039082 ,"Gabapentina, Pregabalina, Valaciclovir, aciclovir, capsaicina, famciclovir # Gabapentina, Pregabalina, Valaciclovir, aciclovir, capsaicina, famciclovir # Q2295855 # - # - "
70,C0002871 ,"Epoetina, Nandrolona, Oximetolona, Q20817270, Q22075840, Q27888379, Q411588, Q47495792, Q7553318, ascorbato de sodio, deferasirox, lenalidomida "
71,C0003864 # C0011603 # C0003864 ,"Abatacept, Celecoxib, Etanercept, Gabapentina, Meloxicam, Metotrexato, Prednisona, Pregabalina, Q2858961, Q412909, Salsalato, Ustekinumab, adalimumab, buprenorfina, diclofenaco, duloxetine, golimumab, hidroxicloroquina, infliximab, leflunomida, metilprednisolona, rituximab, sulfasalazina, tocilizumab, tofacitinib, Ácido alfa-linolénico, Ácido meclofenámico # Q21098894, Q27110219, Q4713192, Q4742041, Q7784698, besamestazona, clobetasol, doxiciclina, glicerol, metionina, ácido bórico, ácido láctico, óxido de zinc # Abatacept, Celecoxib, Etanercept, Gabapentina, Meloxicam, Metotrexato, Prednisona, Pregabalina, Q2858961, Q412909, Salsalato, Ustekinumab, adalimumab, buprenorfina, diclofenaco, duloxetine, golimumab, hidroxicloroquina, infliximab, leflunomida, metilprednisolona, rituximab, sulfasalazina, tocilizumab, tofacitinib, Ácido alfa-linolénico, Ácido meclofenámico "
72,,
73,,
74,,
75,,
76,,
77,C0007194 ,- 
78,C0004245 # C0007194 # C0878544 ,"- # - # Q425729, Q6457467 "
79,,
80,,
81,,
82,,
83,,
84,C0085106 # C0030805 # C0162566 # C0030809 # C0038165 ,"- # Metotrexato, Prednisolona, Prednisona, Q3976827, Q4567614, rituximab # hidroxicloroquina # - # - "
85,C0040262 # C0026946 # C0343052 # C0032026 # C0023646 ,"Econazol, Ketoconazol, Q2737856, Q3359058, Q5462984, Q850729, Sulconazol, Sulfuro de selenio, Terbinafina, Tolnaftato, ciclopirox # Anfotericina B, Clorhexidina, Fluconazol, Fluorocitosina, Ketoconazol, Natamicina, Terbinafina, clotrimazol, itraconazol # Apremilast, Etanercept, adalimumab # Q6665709 # Tacrolimus "
86,,
87,,
88,C0020626 # C0029442 ,"Ergocalciferol, Ergosterol # Denosumab "
89,,
90,C0019247 # C0012634 # C0039082 # C0012634 # C0012634 # C0039082 # C0012634 # C0002962 # C0012634 # C0039082 # C0151744 # C0012634 # C0039082 ,"- # - # - # - # - # - # - # Acebutolol, Atenolol, Bisoprolol, Carvedilol, Diltiazem, Esmolol, Felodipina, Labetalol, Metoprolol, Mibefradil, Nadolol, Nicardipina, Nifedipina, Nisoldipino, Nitrito de amilo, Penbutolol, Pent, Pindolol, Q414873, Q417174, Q4890934, Sulfinpirazona, Timolol, Verapamilo, amlodipina, coenzima Q10, isosorbide, nitroglicerina, papaverina, propranolol # - # - # Cerivastatina, Clofibrato, Colesevelam, Colestipol, Colestiramina, Dextrotiroxina, Evolocumab, Lovastatina, Probucol, Q2295855, Q277785, Q415366, Q5037872, Sulfinpirazona, atorvastatina, fenofibrato, fluvastatina, gemfibrozilo, isosorbide, pravastatina, simvastatina # - # - "
91,,
92,C0012634 # C0039082 # C0012634 # C0012634 # C0039082 # C0012634 # C0272238 # C0085110 # C0009447 ,- # - # - # - # - # - # - # - # - 
93,C0012634 # C0039082 ,- # - 
94,C0012634 # C0039082 # C0012634 # C0039082 # C0012634 # C0039082 # C0012634 # C0039082 # C0012634 # C0039082 ,- # - # - # - # - # - # - # - # - # - 
95,C0027086 ,- 
96,C0019342 # C1275217 # C0007097 ,"Foscarnet, Valaciclovir, aciclovir, famciclovir # - # Anastrozol, Bevacizumab, Cabazitaxel, Dietilestilbestrol, Everolimus, Ipilimumab, Olaparib, Q3877030, Q4830631, Tolvaptan, Trastuzumab, lidocaína, paclitaxel, regonafenib, sirólimus "
97,C1176475 # C0206713 # C0020514 ,"- # - # Bromocriptina, cabergolina "
98,,
99,C0002871 # C0002871 # C0002871 # C0002871 ,"Epoetina, Nandrolona, Oximetolona, Q20817270, Q22075840, Q27888379, Q411588, Q47495792, Q7553318, ascorbato de sodio, deferasirox, lenalidomida # Epoetina, Nandrolona, Oximetolona, Q20817270, Q22075840, Q27888379, Q411588, Q47495792, Q7553318, ascorbato de sodio, deferasirox, lenalidomida # Epoetina, Nandrolona, Oximetolona, Q20817270, Q22075840, Q27888379, Q411588, Q47495792, Q7553318, ascorbato de sodio, deferasirox, lenalidomida # Epoetina, Nandrolona, Oximetolona, Q20817270, Q22075840, Q27888379, Q411588, Q47495792, Q7553318, ascorbato de sodio, deferasirox, lenalidomida "
100,C0023473 # C0023418 # C0085669 # C1378511 # C0023434 # C0023449 ,"Busulfan, Hidroxicarbamida, Idarrubicina, Q15211075, Q15366704, Q27114666, Q27895847, Q3906700, ciclofosfamida # Citarabina, Ibrutinib, Imatinib, Irinotecán, Isotretinoína, Metotrexato, Nilotinib, Q15366704, Q27032359, Q27139135, Q7383611, Q894611, lenalidomida, rituximab, vincristina # Citarabina, Q27139135 # Citarabina, Q27139135 # Bendamustina, Clorambucil, Ibrutinib, Idelalisib, Ifosfamida, Nilotinib, Obinutuzumab, Ofatumumab, Pegaspargasa, Pentostatina, Prednisona, Q15211075, Q1592932, Q27139135, Q27260984, alemtuzumab, ciclofosfamida, cladribina, dexametasona, doxorrubicina, lenalidomida, mercaptopurina, rituximab, venetoclax, vincristina # Tenipósido "
101,C0037889 # C0002880 # C0014761 # C0035243 # C0002892 # C0085669 # C1378511 ,"- # Prednisolona, ciclofosfamida, rituximab # - # - # Cianocobalamina, hidroxocobalamina # Citarabina, Q27139135 # Citarabina, Q27139135 "
102,C0398623 ,Rivaroxaban 
103,,
104,,
105,C0021345 # C0586989 # C0040558 # C0024198 # C0009450 ,"- # aciclovir # Cloroquina, Espiramicina, Trimetoprima-sulfametoxazol, clindamicina, pirimetamina, sulfadiazina # Cefuroxima, amoxicilina, azitromicina, ceftriaxona, doxiciclina # - "
106,,
107,,
108,,
109,,
110,,
111,,
112,C0031117 # C0442874 # C0012634 # C0039082 # C0012634 # C0012634 # C0026769 # C0039082 # C0012634 ,"Fentanilo, Gabapentina, Pregabalina, buprenorfina, capsaicina, diclofenaco, duloxetine # Fentanilo, Gabapentina, Pregabalina, buprenorfina, capsaicina, diclofenaco, duloxetine # - # - # - # - # Cianocobalamina, Dimetilfumarato, Gabapentina, Modafinilo, Natalizumab, Pregabalina, Q2450337, Q27087639, Q2858961, Q3077133, Q372539, Q412920, alemtuzumab, armodafinilo, azatioprina, baclofeno, besamestazona, ciclofosfamida, cladribina, dantroleno, fingolimod, hidroxocobalamina, hormona adrenocorticotropa, interferón beta-1b, metilprednisolona, mitoxantrona, rituximab # - # - "
113,C0149931 # C0012634 # C0039082 ,"Almotriptán, Clonixina, Fentanilo, Gabapentina, Ketorolaco, Lamotrigina, Naratriptán, Pregabalina, Q1185089, Q4095199, Q421336, Rizatriptán, Topiramato, Zolmitriptán, Zonisamida, amitriptilina, buprenorfina, diclofenaco, duloxetine, eletriptán, ergotamina, ibuprofeno, naproxeno, paracetamol, propranolol, sumatriptán, triptán, venlafaxina # - # - "
114,C0011263 # C0011269 # C0497327 # C0497327 # C0497327 # C0020255 ,"Donepezilo, Memantina, Vinpocetina # Donepezilo, Memantina, Vinpocetina # Aripiprazol, Citalopram, Dihidroergocriptina, Dihidroergocristina, Donepezilo, Galantamina, Memantina, Olanzapina, Q423520, Q7194603, Rivastigmina, Tacrina, quetiapina, risperidona # Aripiprazol, Citalopram, Dihidroergocriptina, Dihidroergocristina, Donepezilo, Galantamina, Memantina, Olanzapina, Q423520, Q7194603, Rivastigmina, Tacrina, quetiapina, risperidona # Aripiprazol, Citalopram, Dihidroergocriptina, Dihidroergocristina, Donepezilo, Galantamina, Memantina, Olanzapina, Q423520, Q7194603, Rivastigmina, Tacrina, quetiapina, risperidona # - "
115,C0014544 # C0014553 # C0270853 ,"Acetazolamida, Clobazam, Etosuximida, Gabapentina, Lacosamida, Lamotrigina, Levetiracetam, Mefobarbital, Metosuximida, Oxcarbazepina, Pregabalina, Primidona, Q408099, Q421301, Q4533122, Q5473363, Q7181340, Retigabina, Topiramato, Vigabatrina, Zonisamida, carbamazepina, clonazepam, diazepam, fenitoína, fenobarbital, perampanel # - # - "
116,,
117,C0012739 # C0026764 ,"- # Bortezomib, Cisplatino, Ixazomib, Melfalán, Procarbazina, Q20801763, Q27032359, Q27106392, Q27131493, Q905835, ciclofosfamida, lenalidomida, talidomida "
118,C0339543 # C0024441 # C0040053 # C0242383 # C0730328 ,"- # - # Apixaban, Clopidogrel, Q20078502, Q2295855, Q27077698, Rivaroxaban, Warfarina # - # - "
119,C0152138 ,- 
120,C2239176 # C2239176 # C0012634 # C0039082 # C2239176 ,"Q27077807, Q37243546, Sorafenib # Q27077807, Q37243546, Sorafenib # - # - # Q27077807, Q37243546, Sorafenib "
121,C0006826 # C0936282 # C0684249 # C0006826 # C0936282 # C0006826 # C0936282 # C0006826 # C0936282 ,"Colecalciferol, Prednisolona, Prednisona, dexametasona, metilprednisolona, Ácido alfa-linolénico # - # - # Colecalciferol, Prednisolona, Prednisona, dexametasona, metilprednisolona, Ácido alfa-linolénico # - # Colecalciferol, Prednisolona, Prednisona, dexametasona, metilprednisolona, Ácido alfa-linolénico # - # Colecalciferol, Prednisolona, Prednisona, dexametasona, metilprednisolona, Ácido alfa-linolénico # - "
122,C0016658 # C0016658 # C0016658 # C0016658 ,"Denosumab, Teriparatida # Denosumab, Teriparatida # Denosumab, Teriparatida # Denosumab, Teriparatida "
123,C0024904 ,- 
124,C0000833 # C0152415 ,"cefotetan, cefoxitina, metronidazol # - "
125,C0032290 # C0948187 ,- # - 
126,C0010674 # C0019189 # C0241910 # C0017925 # C0019202 ,"Amilorida, Aztreonam, Dornasa alfa, Fenilbutirato de sodio, Ivacaftor, acetilcisteína, tobramicina # - # Prednisolona, Q4567614, Tacrolimus, azatioprina # - # Trietilentetramina, penicilamina "
127,C0025297 # C0085437 # C0041318 # C0012634 # C0039082 # C0012634 # C0012634 # C0039082 # C0012634 ,"- # Cefotaxima, Ceftazidima, Nafcilina, Oxacilina, ampicilina, ceftriaxona # Rifampicina # - # - # - # - # - # - "
128,C0003125 # C0020676 # C0878544 # C0007570 # C0242342 # C0242343 ,"Q7050955, Δ-9-Tetrahidrocannabinol # Levotiroxina, tiroglobulina, triyodotironina # Q425729, Q6457467 # - # - # - "
129,,
130,C0026691 # C0036285 # C0020517 # C0263236 # C0021345 # C0025007 ,"infliximab, ácido acetilsalicílico # Vancomicina, antihistamínico, cefalosporina, clindamicina, macrólido, penicilina # Prednisolona, Prednisona, dexametasona, metilprednisolona, triamcinolona # - # - # - "
131,C0003125 # C0003469 # C0349231 # C0006012 # C0013415 # C0282126 # C0025193 ,"Q7050955, Δ-9-Tetrahidrocannabinol # Alprazolam, Aneura, Buspirona, Citalopram, Clorazepato, Clordiazepóxido, Clorpromazina, Doxepina, Escitalopram, Fluvoxamina, Halazepam, Hidroxicina, Maprotilina, Mirtazapina, Nortriptilina, Olanzapina, Pregabalina, Proclorperazina, Q2149443, Q412299, Q415850, Q4926102, Q5102983, Temazepam, clonazepam, diazepam, duloxetine, fluoxetina, levomepromazina, lorazepam, midazolam, paroxetina, propranolol, quetiapina, risperidona, sertralina, venlafaxina # - # Aripiprazol, Lamotrigina, quetiapina, venlafaxina # - # Alprazolam, Bupropion, Buspirona, Citalopram, Doxepina, Escitalopram, Fenelzina, Fluvoxamina, Isocarboxazida, Isoflurano, Maprotilina, Mirtazapina, Nefazodona, Nortriptilina, Pramipexol, Q408432, Q423498, Selegilina, Temazepam, Tranilcipromina, Trazodona, amitriptilina, amoxapina, clomipramina, desipramina, fluoxetina, imipramina, lorazepam, metilfenidato, paroxetina, sal de litio, sertralina, venlafaxina # - "
132,C0031212 # C0031212 # C0031212 # C0031212 # C0013415 # C0282126 # C0009946 # C0012746 # C0683416 ,"Aripiprazol, quetiapina, risperidona # Aripiprazol, quetiapina, risperidona # Aripiprazol, quetiapina, risperidona # Aripiprazol, quetiapina, risperidona # - # Alprazolam, Bupropion, Buspirona, Citalopram, Doxepina, Escitalopram, Fenelzina, Fluvoxamina, Isocarboxazida, Isoflurano, Maprotilina, Mirtazapina, Nefazodona, Nortriptilina, Pramipexol, Q408432, Q423498, Selegilina, Temazepam, Tranilcipromina, Trazodona, amitriptilina, amoxapina, clomipramina, desipramina, fluoxetina, imipramina, lorazepam, metilfenidato, paroxetina, sal de litio, sertralina, venlafaxina # - # - # - "
133,C0011251 # C0020604 # C0025193 # C0012634 # C0039082 # C0012634 ,- # - # - # - # - # - 
134,,
135,,
136,,
137,,
138,C0012634 # C0039082 ,- # - 
139,C0221248 # C0014544 # C0036572 # C0014544 # C0036572 ,"- # Acetazolamida, Clobazam, Etosuximida, Gabapentina, Lacosamida, Lamotrigina, Levetiracetam, Mefobarbital, Metosuximida, Oxcarbazepina, Pregabalina, Primidona, Q408099, Q421301, Q4533122, Q5473363, Q7181340, Retigabina, Topiramato, Vigabatrina, Zonisamida, carbamazepina, clonazepam, diazepam, fenitoína, fenobarbital, perampanel # - # Acetazolamida, Clobazam, Etosuximida, Gabapentina, Lacosamida, Lamotrigina, Levetiracetam, Mefobarbital, Metosuximida, Oxcarbazepina, Pregabalina, Primidona, Q408099, Q421301, Q4533122, Q5473363, Q7181340, Retigabina, Topiramato, Vigabatrina, Zonisamida, carbamazepina, clonazepam, diazepam, fenitoína, fenobarbital, perampanel # - "
140,C0012634 # C0039082 # C0085435 # C0012634 # C0085077 # C0009450 ,"- # - # Etanercept, adalimumab # - # - # - "
141,,
142,C3495559 # C0023234 # C0334044 # C0543419 # C0543419 ,- # - # - # - # - 
143,C0020625 ,- 
144,,
145,C0011881 ,"Gabapentina, Pregabalina "
146,C0020437 # C0020461 # C0020598 # C0020488 ,"Denosumab, Prednisona, Q28852343, Q3906700, Q4321582, Q627499, Ácido etidrónico, Ácido zoledrónico, ácido etilendiaminotetraacético # Q21284261 # - # - "
147,C0017665 # C0017658 # C0022658 # C0027720 # C0221239 # C0022658 # C0027720 ,"Prednisolona, Q4567614, ciclosporina, rituximab # Eculizumab # Q155746, dopamina # - # - # Q155746, dopamina # - "
148,,
149,C0026266 ,- 
150,,
151,,
152,C0018817 # C0375268 ,"- # Amikacina, Gentamicina "
153,,
154,C0001127 ,- 
155,,
156,,
157,,
158,C0014009 ,- 
159,C0039730 # C0037889 ,"Q749664, deferasirox, deferoxamina # - "
160,C0024796 # C0012634 # C0039082 # C0012634 # C0012634 # C0039082 # C0012634 # C0019069 # C0012634 # C0039082 # C0012634 ,- # - # - # - # - # - # - # Q20801759 # - # - # - 
161,C0398650 # C0002871 # C0040034 # C0272126 # C0040034 # C0398650 ,"Vinblastina, azatioprina, ciclofosfamida # Epoetina, Nandrolona, Oximetolona, Q20817270, Q22075840, Q27888379, Q411588, Q47495792, Q7553318, ascorbato de sodio, deferasirox, lenalidomida # Anagrelida, Desmopresina, Q1235195, Q3271949, Q411588, Q474880, Q7383611, rituximab # - # Anagrelida, Desmopresina, Q1235195, Q3271949, Q411588, Q474880, Q7383611, rituximab # Vinblastina, azatioprina, ciclofosfamida "
162,,
163,,
164,,
165,C0003125 # C0028754 ,"Q7050955, Δ-9-Tetrahidrocannabinol # Benzfetamina, Dietilpropión, Fendimetrazina, Fentermina, Orlistat, Q110495073, Q27888442, Q5103230, Q5280905, fenilpropanolamina, mazindol, metanfetamina "
166,,
167,C0029456 # C0012634 # C0039082 # C0012634 # C0006826 # C0936282 # C0029442 ,"Denosumab, Q28852343, Teriparatida, Ácido ibandrónico # - # - # - # Colecalciferol, Prednisolona, Prednisona, dexametasona, metilprednisolona, Ácido alfa-linolénico # - # Denosumab "
168,C0011860 # C0029456 # C0085580 # C0221406 ,"actividad física, dieta sana, estatina, inhibidor de la enzima convertidora de angiotensina, metformina # Denosumab, Q28852343, Teriparatida, Ácido ibandrónico # antihipertensivo # Q3896970 "
169,,
170,C0020676 ,"Levotiroxina, tiroglobulina, triyodotironina "
171,,
172,,
173,,
174,,
175,C0023418 # C0006413 # C0023290 # C0041321 # C0024530 ,"Citarabina, Ibrutinib, Imatinib, Irinotecán, Isotretinoína, Metotrexato, Nilotinib, Q15366704, Q27032359, Q27139135, Q7383611, Q894611, lenalidomida, rituximab, vincristina # ciclofosfamida # Anfotericina B, Miltefosina, Pentamidina, Q288875, paromomicina # Isoniacida, Rifampicina # Artesunato/amodiaquina, Atovaquona, Cinchonidina, Cloroquina, Mefloquina, Primaquina, Q27279400, Quinidina, artemisina, clindamicina, doxiciclina, hidroxicloroquina, pirimetamina, quinina, sulfadiazina "
176,C0042109 ,"Astemizol, Cetirizina, Cimetidina, Clemastina, Desloratadina, Famotidina, Feniramina, Fexofenadina, Levocetirizina, Montelukast, Nizatidina, Omalizumab, Q2623251, Q27126856, Q342745, Q415203, Q4926102, Q599160, Q6583284, Q6665709, Q7181443, clorfenamina, cyproheptadine, loratadina "
177,C0003864 # C0003864 ,"Abatacept, Celecoxib, Etanercept, Gabapentina, Meloxicam, Metotrexato, Prednisona, Pregabalina, Q2858961, Q412909, Salsalato, Ustekinumab, adalimumab, buprenorfina, diclofenaco, duloxetine, golimumab, hidroxicloroquina, infliximab, leflunomida, metilprednisolona, rituximab, sulfasalazina, tocilizumab, tofacitinib, Ácido alfa-linolénico, Ácido meclofenámico # Abatacept, Celecoxib, Etanercept, Gabapentina, Meloxicam, Metotrexato, Prednisona, Pregabalina, Q2858961, Q412909, Salsalato, Ustekinumab, adalimumab, buprenorfina, diclofenaco, duloxetine, golimumab, hidroxicloroquina, infliximab, leflunomida, metilprednisolona, rituximab, sulfasalazina, tocilizumab, tofacitinib, Ácido alfa-linolénico, Ácido meclofenámico "
178,C0338451 # C0002395 # C0011263 # C0011269 # C0012634 # C0039082 # C0085200 # C0012634 # C0039082 # C0012634 ,"- # Aripiprazol, Donepezilo, Galantamina, Memantina, Piritinol, Rivastigmina, quetiapina, risperidona # Donepezilo, Memantina, Vinpocetina # Donepezilo, Memantina, Vinpocetina # - # - # Donepezilo, Q7194603, Rivastigmina # - # - # - "
179,C0012634 # C0039082 # C0012634 # C0019202 # C0040517 # C0152113 # C0030567 ,"- # - # - # Trietilentetramina, penicilamina # Aripiprazol, Clonidina, Pergolida, Q144085, Q3332124, Q423520, Tetrabenazina, Ziprasidona, haloperidol, risperidona # - # Amantadina, Apomorfina, Biperideno, Bromocriptina, Carbidopa, Carbidopa/levodopa, Clozapina, Entacapona, Levodopa, Pergolida, Pramipexol, Q28128, Q413976, Q7194603, Q907853, Rasagilina, Rivastigmina, Ropinirol, Rotigotina, Selegilina, Tolcapona, Trihexifenidilo, Zonisamida, cabergolina, safinamida "
180,,
181,C0234469 # C0003550 # C0917814 ,- # - # - 
182,,
183,C0021843 # C1258215 # C0021843 # C1258215 ,- # - # - # - 
184,C0007947 # C0149985 # C0026946 ,"Gentamicina, azitromicina, ceftriaxona, ciprofloxacino, eritromicina, estreptomicina, kanamicina # - # Anfotericina B, Clorhexidina, Fluconazol, Fluorocitosina, Ketoconazol, Natamicina, Terbinafina, clotrimazol, itraconazol "
185,,
186,,
187,,
188,,
189,,
190,C0012813 # C0031154 ,"Q47495791, ciprofloxacino, escopolamina, metronidazol # Anfotericina B, Cefotaxima, Meropenem, cefotetan, cefoxitina, ceftriaxona "
191,C0206754 ,Everolimus 
192,C0016658 ,"Denosumab, Teriparatida "
193,C0003864 # C0003864 # C0085435 # C0003869 # C0003869 # C0003873 ,"Abatacept, Celecoxib, Etanercept, Gabapentina, Meloxicam, Metotrexato, Prednisona, Pregabalina, Q2858961, Q412909, Salsalato, Ustekinumab, adalimumab, buprenorfina, diclofenaco, duloxetine, golimumab, hidroxicloroquina, infliximab, leflunomida, metilprednisolona, rituximab, sulfasalazina, tocilizumab, tofacitinib, Ácido alfa-linolénico, Ácido meclofenámico # Abatacept, Celecoxib, Etanercept, Gabapentina, Meloxicam, Metotrexato, Prednisona, Pregabalina, Q2858961, Q412909, Salsalato, Ustekinumab, adalimumab, buprenorfina, diclofenaco, duloxetine, golimumab, hidroxicloroquina, infliximab, leflunomida, metilprednisolona, rituximab, sulfasalazina, tocilizumab, tofacitinib, Ácido alfa-linolénico, Ácido meclofenámico # Etanercept, adalimumab # Vancomicina, daptomicina # Vancomicina, daptomicina # Auranofín, Captopril, Celecoxib, Cloroquina, Diflunisal, Enalapril, Etanercept, Etodolaco, Metotrexato, Piroxicam, Q1749609, Q27268177, Q347613, Sulindaco, Tolmetina, adalimumab, anakinra, aurotioglucosa, azatioprina, ciclosporina, diclofenaco, fenoprofeno, flurbiprofeno, hidroxicloroquina, ibuprofeno, indometacina, ketoprofeno, leflunomida, metilprednisolona, nabumetona, naproxeno, oro, penicilamina, sulfasalazina, talidomida, ácido acetilsalicílico "
194,C0012634 # C0039082 # C0027726 # C0002726 # C0026764 # C0033687 # C0026764 ,"- # - # Bendroflumetiazida, Benzotiazida, Bumetanida, Clorotiazida, Clortalidona, Hidroflumetiazida, Metolazona, Prednisolona, Prednisona, Q1078392, Q27281933, Q4567614, Q7272222, Tacrolimus, Torasemida, Triclormetiazida, ciclofosfamida, ciclosporina, ciclotiazida, furosemida, hidroclorotiazida, meticlotiazida, metilprednisolona, politiazida, rituximab, Ácido etacrínico # Bortezomib, Ixazomib, Melfalán, Pomalidomida, acetilcisteína, dexametasona, lenalidomida, talidomida # Bortezomib, Cisplatino, Ixazomib, Melfalán, Procarbazina, Q20801763, Q27032359, Q27106392, Q27131493, Q905835, ciclofosfamida, lenalidomida, talidomida # Q48566700 # Bortezomib, Cisplatino, Ixazomib, Melfalán, Procarbazina, Q20801763, Q27032359, Q27106392, Q27131493, Q905835, ciclofosfamida, lenalidomida, talidomida "
195,C0022658 # C0027720 # C0017665 ,"Q155746, dopamina # - # Prednisolona, Q4567614, ciclosporina, rituximab "
196,C0040053 # C0018995 ,"Apixaban, Clopidogrel, Q20078502, Q2295855, Q27077698, Rivaroxaban, Warfarina # Q749664, deferasirox, deferoxamina "
197,,
198,,
199,,
200,C0334583 # C1321865 # C0206719 # C1370507 # C1622510 # C0162534 ,- # - # - # - # - # - 
201,C0019159 # C0021400 # C0025289 # C0021400 # C0025289 # C0021400 # C0025289 # C0025289 # C0021400 ,"- # Baloxavir Marboxil, Oseltamivir, Zanamivir, peramivir # Amikacina, Flucloxacilina, Fluorocitosina, Minociclina, Ofloxacino, ceftriaxona # Baloxavir Marboxil, Oseltamivir, Zanamivir, peramivir # Amikacina, Flucloxacilina, Fluorocitosina, Minociclina, Ofloxacino, ceftriaxona # Baloxavir Marboxil, Oseltamivir, Zanamivir, peramivir # Amikacina, Flucloxacilina, Fluorocitosina, Minociclina, Ofloxacino, ceftriaxona # Amikacina, Flucloxacilina, Fluorocitosina, Minociclina, Ofloxacino, ceftriaxona # Baloxavir Marboxil, Oseltamivir, Zanamivir, peramivir "
202,C0002962 # C0002962 # C0019360 ,"Acebutolol, Atenolol, Bisoprolol, Carvedilol, Diltiazem, Esmolol, Felodipina, Labetalol, Metoprolol, Mibefradil, Nadolol, Nicardipina, Nifedipina, Nisoldipino, Nitrito de amilo, Penbutolol, Pent, Pindolol, Q414873, Q417174, Q4890934, Sulfinpirazona, Timolol, Verapamilo, amlodipina, coenzima Q10, isosorbide, nitroglicerina, papaverina, propranolol # Acebutolol, Atenolol, Bisoprolol, Carvedilol, Diltiazem, Esmolol, Felodipina, Labetalol, Metoprolol, Mibefradil, Nadolol, Nicardipina, Nifedipina, Nisoldipino, Nitrito de amilo, Penbutolol, Pent, Pindolol, Q414873, Q417174, Q4890934, Sulfinpirazona, Timolol, Verapamilo, amlodipina, coenzima Q10, isosorbide, nitroglicerina, papaverina, propranolol # Gabapentina, Pregabalina, Valaciclovir, aciclovir, capsaicina, famciclovir "
203,,
204,C0018790 ,"Q5018826, adrenalina, atropina, bicarbonato de sodio, cloruro de calcio, gluconato cálcico "
205,C0032343 # C0032343 # C0020621 # C0032827 # C0003811 ,"- # - # Acetato de potasio, Amilorida, Citrato tripotásico, Cloruro de potasio, Espironolactona, Q1122870, Triamtereno, carbonato ácido de potasio # - # Amiodarona, Digoxina, Dronedarona, Flecainida, Metoprolol, Propafenona, Q20078502, Q3712521, Q514534, Q757058, Q7700570, Q904071, Rivaroxaban, lidocaína, papaverina, sotalol "
206,C0026269 # C0018817 # C0013274 ,"- # - # Alprostadil, Q20816880, indometacina "
207,C0878544 # C0152171 # C0878544 # C0031048 ,"Q425729, Q6457467 # - # Q425729, Q6457467 # - "
208,,
209,,
210,C0017551 # C0037889 ,- # - 
211,,
212,,
213,C0016663 ,- 
214,,
215,C0040034 # C0012739 ,"Anagrelida, Desmopresina, Q1235195, Q3271949, Q411588, Q474880, Q7383611, rituximab # - "
216,C0018946 # C0034150 # C0034150 # C0006111 # C0085584 ,- # - # - # Rifaximina # Rifaximina 
217,,
218,C0003857 # C0020538 # C0042384 # C0006118 # C0042373 ,"- # Acebutolol, Aliskiren, Amilorida, Atenolol, Benazepril, Bendroflumetiazida, Benzotiazida, Betaxolol, Bisoprolol, Bumetanida, Candesartán, Captopril, Carteolol, Carvedilol, Clonidina, Clorotiazida, Clortalidona, Diltiazem, Doxazosina, Enalapril, Eplerenona, Esmolol, Espironolactona, Felodipina, Fenoxibenzamina, Fentolamina, Guanabenz, Guanfacina, Hidroflumetiazida, Irbesartán, Labetalol, Lisinopril, Losartán, Metildopa, Metolazona, Metoprolol, Mibefradil, Minoxidil, Nadolol, Nebivolol, Nicardipina, Nifedipina, Nisoldipino, Olmesartán, Penbutolol, Pindolol, Prazosina, Q1078392, Q20078502, Q2291605, Q27106078, Q27281933, Q27292429, Q277785, Q280786, Q28859607, Q3332124, Q414873, Q420673, Q425293, Q4747074, Q4747075, Q47495698, Q48566655, Q48566657, Q48566693, Q48566694, Q48566696, Q48566700, Q48566705, Q48566757, Q48566771, Q48566808, Q4890934, Q5613557, Q596022, Q6457467, Q7272222, Q7697766, Q7700570, Q784717, Q929420, Reserpina, Rivaroxaban, Telmisartán, Timolol, Torasemida, Triamtereno, Triclormetiazida, Tritace, Valsartán, Verapamilo, amlodipina, ciclotiazida, coenzima Q10, deserpidina, furosemida, hidralazina, hidroclorotiazida, meticlotiazida, politiazida, propranolol, Ácido etacrínico # Pentoxifilina # Bevacizumab, Carboplatino, Etopósido, Hidroxicarbamida, Irinotecán, Mifepristona, Procarbazina, Q415378, Temozolomida # - "
219,C0002395 # C0497327 # C0338451 # C0011263 # C0011269 # C0012634 # C0039082 # C0012634 ,"Aripiprazol, Donepezilo, Galantamina, Memantina, Piritinol, Rivastigmina, quetiapina, risperidona # Aripiprazol, Citalopram, Dihidroergocriptina, Dihidroergocristina, Donepezilo, Galantamina, Memantina, Olanzapina, Q423520, Q7194603, Rivastigmina, Tacrina, quetiapina, risperidona # - # Donepezilo, Memantina, Vinpocetina # Donepezilo, Memantina, Vinpocetina # - # - # - "
220,,
221,C0014013 ,- 
222,C0019693 # C0019693 ,"Delavirdina, Didanosina, Dolutegravir, Efavirenz, Enfuvirtida, Estavudina, Etravirina, Indinavir, Lamivudina, Lopinavir, Nelfinavir, Nevirapina, Q20801763, Q2344582, Q27132753, Q422198, Raltegravir, Ritonavir, Saquinavir, Tenofovir, Tipranavir, abacavir, zidovudina # Delavirdina, Didanosina, Dolutegravir, Efavirenz, Enfuvirtida, Estavudina, Etravirina, Indinavir, Lamivudina, Lopinavir, Nelfinavir, Nevirapina, Q20801763, Q2344582, Q27132753, Q422198, Raltegravir, Ritonavir, Saquinavir, Tenofovir, Tipranavir, abacavir, zidovudina "
223,C0684256 # C0684256 # C0021345 # C0021345 ,- # - # - # - 
224,,
225,,
226,C0011311 # C0009450 # C0014038 ,- # - # aciclovir 
227,,
228,C0023290 # C0030312 # C0409974 ,"Anfotericina B, Miltefosina, Pentamidina, Q288875, paromomicina # - # - "
229,,
230,C0149520 # C0267917 # C0019187 # C0001339 ,- # - # - # - 
231,C0014868 # C0341106 # C0014868 # C0014868 # C0279628 ,"Denosumab, Lansoprazol, Omeprazol, Pantoprazol, Q27122012, Q5268339, esomeprazol, sucralfato # fluticasona # Denosumab, Lansoprazol, Omeprazol, Pantoprazol, Q27122012, Q5268339, esomeprazol, sucralfato # Denosumab, Lansoprazol, Omeprazol, Pantoprazol, Q27122012, Q5268339, esomeprazol, sucralfato # - "
232,,
233,C0220991 # C0701818 # C0012634 # C0039082 # C0012634 # C0017551 ,- # - # - # - # - # - 
234,,
235,C0023890 # C0008732 # C0024299 # C0041296 # C0001418 # C0031048 ,"Boceprevir, Bumetanida, Daclatasvir, Peginterferón alfa-2b, Q27126952, Q27281933, Q353551, Q420056, Ribavirina, Rifaximina, Simeprevir, Tolvaptan, Torasemida, furosemida, ledipasvir/sofosbuvir, sofosbuvir, Ácido etacrínico, ácido obeticólico # - # Bendamustina, Citarabina, Etopósido, Everolimus, Gemcitabina, Ibrutinib, Idelalisib, Irinotecán, L-Asparaginasa, Mecloretamina, Metotrexato, Nivolumab, Prednisolona, Procarbazina, Q1592932, Q27032359, Q422324, Tiotepa, dexametasona, doxorrubicina, lenalidomida, mitoxantrona, rituximab, vincristina # Cicloserina, Etambutol, Etionamida, Isoniacida, Viomicina, capreomicina, pirazinamida, Ácido paraaminosalicílico # - # - "
236,,
237,,
238,,
239,C0025267 # C0027662 # C0025268 # C0027662 # C0027662 # C0037661 # C0206754 ,- # - # - # - # - # - # Everolimus 
240,C0242342 # C0242343 ,- # - 
241,,
242,,
243,C0035229 # C0035229 # C0001127 ,- # - # - 
244,,
245,,
246,C0456909 # C0264550 # C0023895 ,"- # - # Bumetanida, Q2620206, Q27281933, Q426345, Rifaximina, Torasemida, alglucerasa, furosemida, Ácido etacrínico "
247,C0025500 # C0345967 # C0034074 ,- # - # - 
248,,
249,C0006826 # C0009324 # C0936282 ,"Colecalciferol, Prednisolona, Prednisona, dexametasona, metilprednisolona, Ácido alfa-linolénico # Budesonida, Budesonida formoterol, Etanercept, Metotrexato, Prednisolona, Prednisona, Q27114691, Q347337, Q412909, Q7918002, Tacrolimus, Ustekinumab, adalimumab, azatioprina, besamestazona, cortisol, golimumab, infliximab, mesalazina, nicotina, olsalazina, sulfasalazina, tofacitinib # - "
250,C0341106 ,fluticasona 
251,,
252,,
253,C0009450 ,- 
254,,
255,C0206664 # C0011649 # C1368888 # C1368898 # C1368903 # C0013377 ,- # - # - # - # - # - 
256,C0009324 # C0014358 # C0085819 # C0520459 # C1257843 # C0009319 ,"Budesonida, Budesonida formoterol, Etanercept, Metotrexato, Prednisolona, Prednisona, Q27114691, Q347337, Q412909, Q7918002, Tacrolimus, Ustekinumab, adalimumab, azatioprina, besamestazona, cortisol, golimumab, infliximab, mesalazina, nicotina, olsalazina, sulfasalazina, tofacitinib # Bacitracina, Colesevelam, Colestipol, Colestiramina, Vancomicina, fidaxomicina, metronidazol # Bacitracina, Colesevelam, Colestipol, Colestiramina, Vancomicina, fidaxomicina, metronidazol # - # Bacitracina, Colesevelam, Colestipol, Colestiramina, Vancomicina, fidaxomicina, metronidazol # Budesonida, Q7918002, adalimumab, ciprofloxacino, golimumab, infliximab, mesalazina, metronidazol "
257,,
258,,
259,,
260,,
261,,
262,,
263,C0026266 ,- 
264,C0004238 ,"Amiodarona, Apixaban, Atenolol, Carvedilol, Clopidogrel, Dabigatrán, Digitoxina, Digoxina, Diltiazem, Disopiramida, Dronedarona, Flecainida, Metoprolol, Procainamida, Propafenona, Q20078502, Q23054713, Q27077698, Q27294343, Q3712521, Q3791612, Q48566757, Q7700570, Quinidina, Rivaroxaban, Verapamilo, Warfarina, deslanoside, edoxaban, sotalol, ácido acetilsalicílico "
265,C0038354 # C0012634 # C0039082 # C0012634 # C0012634 # C0039082 ,"Omeprazol, Pantoprazol, esomeprazol, ranitidina # - # - # - # - # - "
266,C0011630 # C0011636 # C0040247 # C2980104 # C0037278 # C0038034 # C0037278 ,"Amorolfina, Griseofulvina, Ketoconazol, Miconazol, Sulconazol, Terbinafina, clotrimazol, itraconazol # Griseofulvina # Clioquinol, Econazol, Griseofulvina, Haloprogina, Ketoconazol, Miconazol, Q3359058, Q413586, Q850729, Sulconazol, Terbinafina, Tolnaftato, ciclopirox, itraconazol # - # Aztreonam, Clioquinol, Clorhexidina, Ertapenem, Loracarbef, Mezlocilina, Piperacilina, Q27107637, Q420705, Sulconazol, Ticarcilina, azitromicina, claritromicina, clindamicina, daptomicina # Anfotericina B, Natamicina, itraconazol # Aztreonam, Clioquinol, Clorhexidina, Ertapenem, Loracarbef, Mezlocilina, Piperacilina, Q27107637, Q420705, Sulconazol, Ticarcilina, azitromicina, claritromicina, clindamicina, daptomicina "
267,C0021099 # C0033860 ,"Cefadroxilo, Cefuroxima, Mupirocina # Calcipotriol, Desoximetasona, Metotrexato, Q155682, Q27294232, Q2858961, Q3981685, Q904011, antiinflamatorio no esteroideo "
268,C0019693 # C0149985 # C0035012 # C0014742 ,"Delavirdina, Didanosina, Dolutegravir, Efavirenz, Enfuvirtida, Estavudina, Etravirina, Indinavir, Lamivudina, Lopinavir, Nelfinavir, Nevirapina, Q20801763, Q2344582, Q27132753, Q422198, Raltegravir, Ritonavir, Saquinavir, Tenofovir, Tipranavir, abacavir, zidovudina # - # Etanercept, adalimumab # - "
269,C0079773 # C0011615 # C0033860 # C0020758 ,"Bexaroteno, Q408570 # Doxepina, Pimecrolimus, Q2623251, Q27106662, Q417654, Q6665709, Q76656815, Q904011, Tacrolimus, besamestazona # Calcipotriol, Desoximetasona, Metotrexato, Q155682, Q27294232, Q2858961, Q3981685, Q904011, antiinflamatorio no esteroideo # - "
270,C0012634 # C0039082 # C0012634 # C0012634 # C0039082 # C0012634 # C0028326 # C0175702 # C0175702 ,- # - # - # - # - # - # - # - # - 
271,C0004626 # C0041327 # C1535939 ,"Cefaclor, Cefalexina, Cefamandol, Cefazolina, Cefditoren, Cefepima, Cefixima, Cefoperazona, Cefotaxima, Ceftazidima, Cefuroxima, Cloxacilina, Dicloxacilinas, Gatifloxacina, Levofloxacino, Linezolid, Meticilina, Moxifloxacino, Q1052672, Q1082945, Q1453445, Q1989071, Q47495791, Q7695658, Tigeciclina, Trovafloxacina, azitromicina, ceftriaxona, doxiciclina # Bedaquilina, Etambutol, Isoniacida, Levofloxacino, Linezolid, Ofloxacino, Q47495791, Rifabutina, Rifampicina, Rifapentina # Atovaquona, Pentamidina, Q7842225, Sulfadoxina, Trimetoprima, clindamicina "
272,C0024530 # C0023364 # C0034494 ,"Artesunato/amodiaquina, Atovaquona, Cinchonidina, Cloroquina, Mefloquina, Primaquina, Q27279400, Quinidina, artemisina, clindamicina, doxiciclina, hidroxicloroquina, pirimetamina, quinina, sulfadiazina # Aprotinina, Bencilpenicilina, Cefotaxima, Pentoxifilina, Q2000876, amoxicilina, ceftriaxona # - "
273,C0238124 # C0007642 # C0014733 ,"- # Cefalexina, Cefuroxima, Cloxacilina, Dicloxacilinas, Linezolid, Nafcilina, Oxacilina, Q47495791, Q48566821, Q5210237, Q7102878, Vancomicina, ceftriaxona, ciprofloxacino, claritromicina, clindamicina, daptomicina, doxiciclina # Bencilpenicilina, Cefadroxilo, Cefalexina, Cefixima, Cefotaxima, Ceftazidima, Cefuroxima, Josamicina, Ofloxacino, Q2636110, Roxitromicina, amoxicilina, ampicilina, azitromicina, ceftriaxona, ciprofloxacino, claritromicina "
274,,
275,C0006826 # C0936282 # C0021345 ,"Colecalciferol, Prednisolona, Prednisona, dexametasona, metilprednisolona, Ácido alfa-linolénico # - # - "
276,C0003873 # C0017658 # C0027707 ,"Auranofín, Captopril, Celecoxib, Cloroquina, Diflunisal, Enalapril, Etanercept, Etodolaco, Metotrexato, Piroxicam, Q1749609, Q27268177, Q347613, Sulindaco, Tolmetina, adalimumab, anakinra, aurotioglucosa, azatioprina, ciclosporina, diclofenaco, fenoprofeno, flurbiprofeno, hidroxicloroquina, ibuprofeno, indometacina, ketoprofeno, leflunomida, metilprednisolona, nabumetona, naproxeno, oro, penicilamina, sulfasalazina, talidomida, ácido acetilsalicílico # Eculizumab # - "
277,C0012634 # C0039082 # C0012634 ,- # - # - 
278,C0016658 # C0016658 # C0016658 # C0016658 ,"Denosumab, Teriparatida # Denosumab, Teriparatida # Denosumab, Teriparatida # Denosumab, Teriparatida "
279,C0014236 # C0035305 ,- # - 
280,C0271054 # C0042373 ,- # - 
281,C0155305 ,- 
282,,
283,C0273482 ,- 
284,C0085435 # C0003869 # C1692886 ,"Etanercept, adalimumab # Vancomicina, daptomicina # Vancomicina, daptomicina "
285,,
286,,
287,C0012634 # C0039082 ,- # - 
288,C0024031 # C0039503 # C0024031 # C0021390 ,"Tizanidina # - # Tizanidina # Q5132472, Ácido cromoglícico "
289,C0039103 # C1562028 # C0003864 # C0003864 # C0033802 # C0553730 ,"- # - # Abatacept, Celecoxib, Etanercept, Gabapentina, Meloxicam, Metotrexato, Prednisona, Pregabalina, Q2858961, Q412909, Salsalato, Ustekinumab, adalimumab, buprenorfina, diclofenaco, duloxetine, golimumab, hidroxicloroquina, infliximab, leflunomida, metilprednisolona, rituximab, sulfasalazina, tocilizumab, tofacitinib, Ácido alfa-linolénico, Ácido meclofenámico # Abatacept, Celecoxib, Etanercept, Gabapentina, Meloxicam, Metotrexato, Prednisona, Pregabalina, Q2858961, Q412909, Salsalato, Ustekinumab, adalimumab, buprenorfina, diclofenaco, duloxetine, golimumab, hidroxicloroquina, infliximab, leflunomida, metilprednisolona, rituximab, sulfasalazina, tocilizumab, tofacitinib, Ácido alfa-linolénico, Ácido meclofenámico # - # - "
290,,
291,,
292,,
293,,
294,C0038478 # C0039538 # C1368910 # C0040149 ,- # - # - # - 
295,,
296,,
297,C0012634 # C0039082 # C0012634 ,- # - # - 
298,,
299,,
300,,
301,,
302,C1135868 ,Actinomicina 
303,,
304,,
305,,
306,C0013537 ,nitroglicerina 
307,C0032533 # C1527406 # C0039730 ,"Etanercept, Metotrexato, Prednisolona, Prednisona, tocilizumab # Etanercept, Metotrexato, Prednisolona, Prednisona, tocilizumab # Q749664, deferasirox, deferoxamina "
308,C0598608 ,- 
309,,
310,,
311,,
312,,
313,C0028242 # C0004030 ,"Q372598, Q48566821, Sulfametoxazol, Trimetoprima, sulfadiazina # Anfotericina B, Caspofungina, Fluorocitosina, Isavuconazol, Miconazol, Mykamine, Natamicina, Posaconazol, Voriconazol, itraconazol "
314,,
315,C0012634 # C0039082 ,- # - 
316,,
317,C0007097 # C0006267 # C0034069 # C0018799 ,"Anastrozol, Bevacizumab, Cabazitaxel, Dietilestilbestrol, Everolimus, Ipilimumab, Olaparib, Q3877030, Q4830631, Tolvaptan, Trastuzumab, lidocaína, paclitaxel, regonafenib, sirólimus # Tiotropio, acetilcisteína, tobramicina # - # Amiodarona, Apixaban, Carvedilol, Clopidogrel, Dobutamina, Evolocumab, Metoprolol, Palivizumab, Q20078502, Q263612, Q3712521, Q48566700, Q48566757, Q48566808, Q6457467, Q7700570, Rivaroxaban, Ticagrelor, Valsartán, Warfarina, atorvastatina, furosemida, nitroglicerina, rosuvastatina, sildenafilo, ácido acetilsalicílico "
318,C0006142 # C0678222 # C0029456 ,"5-fluorouracilo, Anastrozol, Capecitabina, Carboplatino, Cisplatino, Clorambucil, Dexrazoxano, Dietilestilbestrol, Docetaxel, Epirrubicina, Eribulina, Estradiol, Etinilestradiol, Exemestano, Fluoximesterona, Fulvestrant, Idarrubicina, Ifosfamida, Irinotecán, Letrozol, Leuprorelin, Megesterol, Melfalán, Metotrexato, Nandrolona, Q241150, Q27265738, Q3950557, Q3985253, Q421768, Q6995920, Tamoxifeno, Toremifeno, Trastuzumab, Vinblastina, ciclofosfamida, doxorrubicina, mitoxantrona, paclitaxel, vinorelbina # ciclofosfamida # Denosumab, Q28852343, Teriparatida, Ácido ibandrónico "
319,C0036202 # C0037116 # C0041296 ,"- # - # Cicloserina, Etambutol, Etionamida, Isoniacida, Viomicina, capreomicina, pirazinamida, Ácido paraaminosalicílico "
320,C0020619 ,"19-noretisterona, Bromocriptina, Estradiol, Etinilestradiol, Fluoximesterona, Q421768, Q5103213, Q5401860, Q5405160, testosterona "
321,C0085437 # C0338430 ,"Cefotaxima, Ceftazidima, Nafcilina, Oxacilina, ampicilina, ceftriaxona # - "
322,C0025289 # C0025289 # C0025297 # C0038525 ,"Amikacina, Flucloxacilina, Fluorocitosina, Minociclina, Ofloxacino, ceftriaxona # Amikacina, Flucloxacilina, Fluorocitosina, Minociclina, Ofloxacino, ceftriaxona # - # Nimodipina, Ácido tranexámico "
323,,
324,C0030567 # C0393570 # C0002395 # C0012634 # C0039082 # C0012634 ,"Amantadina, Apomorfina, Biperideno, Bromocriptina, Carbidopa, Carbidopa/levodopa, Clozapina, Entacapona, Levodopa, Pergolida, Pramipexol, Q28128, Q413976, Q7194603, Q907853, Rasagilina, Rivastigmina, Ropinirol, Rotigotina, Selegilina, Tolcapona, Trihexifenidilo, Zonisamida, cabergolina, safinamida # - # Aripiprazol, Donepezilo, Galantamina, Memantina, Piritinol, Rivastigmina, quetiapina, risperidona # - # - # - "
325,,
326,,
327,,
328,,
329,,
330,C0041107 # C0152096 # C0041107 # C0013080 # C0041107 ,- # - # - # - # - 
331,,
332,C0007570 # C0020517 # C0020517 ,"- # Prednisolona, Prednisona, dexametasona, metilprednisolona, triamcinolona # Prednisolona, Prednisona, dexametasona, metilprednisolona, triamcinolona "
333,,
334,,
335,C0497327 # C0025193 # C0025193 ,"Aripiprazol, Citalopram, Dihidroergocriptina, Dihidroergocristina, Donepezilo, Galantamina, Memantina, Olanzapina, Q423520, Q7194603, Rivastigmina, Tacrina, quetiapina, risperidona # - # - "
336,C0025193 # C0011253 # C0012634 # C0039082 # C0012634 # C0036349 # C0012634 # C0039082 # C0012634 ,- # - # - # - # - # Q423809 # - # - # - 
337,C0497327 ,"Aripiprazol, Citalopram, Dihidroergocriptina, Dihidroergocristina, Donepezilo, Galantamina, Memantina, Olanzapina, Q423520, Q7194603, Rivastigmina, Tacrina, quetiapina, risperidona "
338,C0012634 # C0039082 # C0012634 # C0012634 # C0039082 # C0012634 # C0520482 ,- # - # - # - # - # - # - 
339,C0028768 ,"Aripiprazol, Citalopram, Escitalopram, Fluvoxamina, Olanzapina, clomipramina, duloxetine, fluoxetina, lorazepam, paroxetina, quetiapina, risperidona, sertralina, venlafaxina "
340,C0036310 # C0036439 # C0006826 # C0936282 ,"- # - # Colecalciferol, Prednisolona, Prednisona, dexametasona, metilprednisolona, Ácido alfa-linolénico # - "
341,,
342,C0439857 ,"Buprenorfina/naloxona, Naltrexona "
343,,
344,,
345,,
346,C0002940 ,- 
347,,
348,C0878544 # C0031048 ,"Q425729, Q6457467 # - "
349,C0022116 ,Q2295855 
350,,
351,C0002871 ,"Epoetina, Nandrolona, Oximetolona, Q20817270, Q22075840, Q27888379, Q411588, Q47495792, Q7553318, ascorbato de sodio, deferasirox, lenalidomida "
352,C0001430 ,- 
353,,
354,,
355,C0026826 # C0011175 ,- # suero fisiológico 
356,,
357,C0007097 # C0001430 ,"Anastrozol, Bevacizumab, Cabazitaxel, Dietilestilbestrol, Everolimus, Ipilimumab, Olaparib, Q3877030, Q4830631, Tolvaptan, Trastuzumab, lidocaína, paclitaxel, regonafenib, sirólimus # - "
358,,
359,,
360,,
361,,
362,,
363,C0034494 # C0039614 ,"- # Metocarbamol, Q20817012, Q4138012, Q421138, ciclobenzaprina, metronidazol, orfenadrina "
364,C0012634 # C0039082 ,- # - 
365,,
366,C0012634 # C0039082 ,- # - 
367,,
368,C0543419 # C0543419 # C0000833 ,"- # - # cefotetan, cefoxitina, metronidazol "
369,C0012634 # C0039082 # C0012634 # C0010276 ,- # - # - # - 
370,,
371,,
372,,
373,,
374,C0033687 # C0004659 # C0034359 ,Q48566700 # hexametilentetramina # - 
375,C0017665 # C0017658 # C0017658 # C0017662 ,"Prednisolona, Q4567614, ciclosporina, rituximab # Eculizumab # Eculizumab # Eculizumab "
376,C0085636 ,"Q27107089, diclofenaco "
377,C0017636 # C0025149 # C1275668 # C0205851 # C0206660 # C1384406 # C1384408 ,"Q27253076, Temozolomida # - # - # Carboplatino, Cisplatino, Etopósido, Gemcitabina, Irinotecán # - # - # - "
378,C0012634 # C0039082 # C0039144 # C0751540 # C0012634 # C0012634 # C0039082 # C0012634 ,- # - # - # - # - # - # - # - 
379,C0012634 # C0039082 # C0012634 ,- # - # - 
380,C0014553 # C0085543 ,- # - 
381,,
382,,
383,,
384,,
385,,
386,C0016658 ,"Denosumab, Teriparatida "
387,C0003869 # C1692886 ,"Vancomicina, daptomicina # Vancomicina, daptomicina "
388,,
389,,
390,C0031117 # C0442874 # C0031117 # C0442874 # C0149940 ,"Fentanilo, Gabapentina, Pregabalina, buprenorfina, capsaicina, diclofenaco, duloxetine # Fentanilo, Gabapentina, Pregabalina, buprenorfina, capsaicina, diclofenaco, duloxetine # Fentanilo, Gabapentina, Pregabalina, buprenorfina, capsaicina, diclofenaco, duloxetine # Fentanilo, Gabapentina, Pregabalina, buprenorfina, capsaicina, diclofenaco, duloxetine # - "
391,C0020492 ,- 
392,C0016658 ,"Denosumab, Teriparatida "
393,C0032650 # C0039503 ,- # - 
394,C0016658 # C0332716 ,"Denosumab, Teriparatida # - "
395,C0016658 # C0154744 # C0748226 ,"Denosumab, Teriparatida # - # - "
396,,
397,,
398,,
399,C0007194 ,- 
400,C0016655 # C0035243 # C0546884 # C0546884 ,- # - # - # - 
401,C0007177 # C0264558 # C0019123 ,- # - # - 
402,,
403,,
404,,
405,,
406,,
407,C0012634 # C0039082 # C0012634 ,- # - # - 
408,,
409,C0012634 # C0039082 # C0012634 # C0039082 ,- # - # - # - 
410,,
411,C0012739 # C0023418 # C0023418 ,"- # Citarabina, Ibrutinib, Imatinib, Irinotecán, Isotretinoína, Metotrexato, Nilotinib, Q15366704, Q27032359, Q27139135, Q7383611, Q894611, lenalidomida, rituximab, vincristina # Citarabina, Ibrutinib, Imatinib, Irinotecán, Isotretinoína, Metotrexato, Nilotinib, Q15366704, Q27032359, Q27139135, Q7383611, Q894611, lenalidomida, rituximab, vincristina "
412,C0034150 # C0034150 # C0012739 # C0009450 # C0040034 # C0040034 # C0040034 # C0040034 ,"- # - # - # - # Anagrelida, Desmopresina, Q1235195, Q3271949, Q411588, Q474880, Q7383611, rituximab # Anagrelida, Desmopresina, Q1235195, Q3271949, Q411588, Q474880, Q7383611, rituximab # Anagrelida, Desmopresina, Q1235195, Q3271949, Q411588, Q474880, Q7383611, rituximab # Anagrelida, Desmopresina, Q1235195, Q3271949, Q411588, Q474880, Q7383611, rituximab "
413,,
414,,
415,C2239176 # C0036631 # C0024299 # C0006826 # C0936282 ,"Q27077807, Q37243546, Sorafenib # - # Bendamustina, Citarabina, Etopósido, Everolimus, Gemcitabina, Ibrutinib, Idelalisib, Irinotecán, L-Asparaginasa, Mecloretamina, Metotrexato, Nivolumab, Prednisolona, Procarbazina, Q1592932, Q27032359, Q422324, Tiotepa, dexametasona, doxorrubicina, lenalidomida, mitoxantrona, rituximab, vincristina # Colecalciferol, Prednisolona, Prednisona, dexametasona, metilprednisolona, Ácido alfa-linolénico # - "
416,,
417,,
418,C0027830 # C0238198 # C0042133 # C0152276 ,"- # Imatinib, Nilotinib, Pazopanib, Q198728, Sunitinib, regonafenib # - # - "
419,,
420,,
421,,
422,,
423,C0018524 ,- 
424,,
425,C0267917 # C0206698 # C0740277 # C1370800 # C0017551 ,"- # Everolimus, regonafenib # Capecitabina, Gemcitabina # - # - "
426,C0400821 # C0021831 # C0021831 # C0022104 ,"Budesonida, Budesonida formoterol, mesalazina # Hiosciamina, Propantelina # Hiosciamina, Propantelina # Dicicloverina, Hiosciamina, Linaclotida, Mebeverina, Propantelina, Q416463, Q6695342, Rifaximina, Tegaserod, Trimebutina, adalimumab, infliximab, loperamida, mesalazina, policarbofilo "
427,,
428,,
429,,
430,,
431,,
432,,
433,,
434,,
435,C0008049 # C0012634 # C0039082 # C0085273 # C0012634 # C0015231 # C0039082 ,"Ganciclovir, aciclovir, óxido de zinc # - # - # - # - # - # - "
436,,
437,C0041296 # C0041296 ,"Cicloserina, Etambutol, Etionamida, Isoniacida, Viomicina, capreomicina, pirazinamida, Ácido paraaminosalicílico # Cicloserina, Etambutol, Etionamida, Isoniacida, Viomicina, capreomicina, pirazinamida, Ácido paraaminosalicílico "
438,,
439,C0543419 ,- 
440,C0001127 ,- 
441,C0155616 # C0020538 # C0020538 ,"- # Acebutolol, Aliskiren, Amilorida, Atenolol, Benazepril, Bendroflumetiazida, Benzotiazida, Betaxolol, Bisoprolol, Bumetanida, Candesartán, Captopril, Carteolol, Carvedilol, Clonidina, Clorotiazida, Clortalidona, Diltiazem, Doxazosina, Enalapril, Eplerenona, Esmolol, Espironolactona, Felodipina, Fenoxibenzamina, Fentolamina, Guanabenz, Guanfacina, Hidroflumetiazida, Irbesartán, Labetalol, Lisinopril, Losartán, Metildopa, Metolazona, Metoprolol, Mibefradil, Minoxidil, Nadolol, Nebivolol, Nicardipina, Nifedipina, Nisoldipino, Olmesartán, Penbutolol, Pindolol, Prazosina, Q1078392, Q20078502, Q2291605, Q27106078, Q27281933, Q27292429, Q277785, Q280786, Q28859607, Q3332124, Q414873, Q420673, Q425293, Q4747074, Q4747075, Q47495698, Q48566655, Q48566657, Q48566693, Q48566694, Q48566696, Q48566700, Q48566705, Q48566757, Q48566771, Q48566808, Q4890934, Q5613557, Q596022, Q6457467, Q7272222, Q7697766, Q7700570, Q784717, Q929420, Reserpina, Rivaroxaban, Telmisartán, Timolol, Torasemida, Triamtereno, Triclormetiazida, Tritace, Valsartán, Verapamilo, amlodipina, ciclotiazida, coenzima Q10, deserpidina, furosemida, hidralazina, hidroclorotiazida, meticlotiazida, politiazida, propranolol, Ácido etacrínico # Acebutolol, Aliskiren, Amilorida, Atenolol, Benazepril, Bendroflumetiazida, Benzotiazida, Betaxolol, Bisoprolol, Bumetanida, Candesartán, Captopril, Carteolol, Carvedilol, Clonidina, Clorotiazida, Clortalidona, Diltiazem, Doxazosina, Enalapril, Eplerenona, Esmolol, Espironolactona, Felodipina, Fenoxibenzamina, Fentolamina, Guanabenz, Guanfacina, Hidroflumetiazida, Irbesartán, Labetalol, Lisinopril, Losartán, Metildopa, Metolazona, Metoprolol, Mibefradil, Minoxidil, Nadolol, Nebivolol, Nicardipina, Nifedipina, Nisoldipino, Olmesartán, Penbutolol, Pindolol, Prazosina, Q1078392, Q20078502, Q2291605, Q27106078, Q27281933, Q27292429, Q277785, Q280786, Q28859607, Q3332124, Q414873, Q420673, Q425293, Q4747074, Q4747075, Q47495698, Q48566655, Q48566657, Q48566693, Q48566694, Q48566696, Q48566700, Q48566705, Q48566757, Q48566771, Q48566808, Q4890934, Q5613557, Q596022, Q6457467, Q7272222, Q7697766, Q7700570, Q784717, Q929420, Reserpina, Rivaroxaban, Telmisartán, Timolol, Torasemida, Triamtereno, Triclormetiazida, Tritace, Valsartán, Verapamilo, amlodipina, ciclotiazida, coenzima Q10, deserpidina, furosemida, hidralazina, hidroclorotiazida, meticlotiazida, politiazida, propranolol, Ácido etacrínico "
442,C0002726 # C0022658 # C0027720 # C0027706 # C0022658 # C0027720 ,"Bortezomib, Ixazomib, Melfalán, Pomalidomida, acetilcisteína, dexametasona, lenalidomida, talidomida # Q155746, dopamina # - # - # Q155746, dopamina # - "
443,,
444,C0270932 # C0015469 # C0036202 # C0376175 # C0009450 # C0007097 ,"- # escopolamina # - # - # - # Anastrozol, Bevacizumab, Cabazitaxel, Dietilestilbestrol, Everolimus, Ipilimumab, Olaparib, Q3877030, Q4830631, Tolvaptan, Trastuzumab, lidocaína, paclitaxel, regonafenib, sirólimus "
445,C0156369 # C1704273 # C0008497 ,"- # - # Actinomicina, Clorambucil, Vinblastina "
446,C0007133 # C0206682 # C0020507 ,- # - # - 
447,,
448,C0027697 ,Sulfato de magnesio 
449,,
450,,
451,,
452,,
453,C0026266 # C0878544 ,"- # Q425729, Q6457467 "
454,,
455,,
456,,
457,,
458,C0040053 ,"Apixaban, Clopidogrel, Q20078502, Q2295855, Q27077698, Rivaroxaban, Warfarina "
459,C0022116 ,Q2295855 
460,C0026691 # C0025007 # C0036285 ,"infliximab, ácido acetilsalicílico # - # Vancomicina, antihistamínico, cefalosporina, clindamicina, macrólido, penicilina "
461,,
462,,
463,,
464,,
465,C0011849 ,"Picolinato de Cromo, Q3492616, Q7939403 "
466,C0002880 # C0014761 # C0034150 # C0034150 # C0002878 # C0040034 # C0272126 # C0040034 # C0040034 ,"Prednisolona, ciclofosfamida, rituximab # - # - # - # Alfa-Tocoferol # Anagrelida, Desmopresina, Q1235195, Q3271949, Q411588, Q474880, Q7383611, rituximab # - # Anagrelida, Desmopresina, Q1235195, Q3271949, Q411588, Q474880, Q7383611, rituximab # Anagrelida, Desmopresina, Q1235195, Q3271949, Q411588, Q474880, Q7383611, rituximab "
467,,
468,C0085278 # C0684275 # C0155679 ,- # - # - 
469,,
470,C0022658 # C0027720 ,"Q155746, dopamina # - "
471,C0033687 ,Q48566700 
472,C0017658 # C0520575 # C0149937 ,Eculizumab # - # - 
473,C0022658 # C0027720 # C0017658 # C0022658 # C0027720 # C0149937 ,"Q155746, dopamina # - # Eculizumab # Q155746, dopamina # - # - "
474,C0027706 # C0022658 # C0027720 # C0002986 # C0022680 # C0311245 # C3714581 ,"- # Q155746, dopamina # - # Q20801779, Q27275527 # - # - # - "
475,C0034150 # C0034150 # C0012634 # C0039082 # C0012634 # C0012739 # C0012634 # C0039082 # C0012634 ,- # - # - # - # - # - # - # - # - 
476,C0001403 # C0011848 ,"dexametasona, fludrocortisona # Desmopresina, hormona antidiurética "
477,C0001925 # C0033687 # C0001925 # C0033687 # C0001925 # C0033687 # C0001925 # C0033687 ,- # Q48566700 # - # Q48566700 # - # Q48566700 # - # Q48566700 
478,,
479,C0003550 # C0917814 ,- # - 
480,C0002622 ,"Donepezilo, Memantina, Piracetam "
481,,
482,,
483,C0002940 # C0020255 ,- # - 
484,,
485,,
486,C0007282 ,Clopidogrel 
487,,
488,,
489,C0025874 ,- 
490,,
491,C0002453 ,"17-Hidroxiprogesterona, Bromocriptina, Etisterona, Noretinodrel, Progesterona, Q15295638, Q20817116, Q7051181 "
492,C0006826 # C0936282 # C0006826 # C0936282 ,"Colecalciferol, Prednisolona, Prednisona, dexametasona, metilprednisolona, Ácido alfa-linolénico # - # Colecalciferol, Prednisolona, Prednisona, dexametasona, metilprednisolona, Ácido alfa-linolénico # - "
493,C0009763 # C0009766 # C0009773 # C0022577 # C0009763 ,"Moxifloxacino, Natamicina, Norfloxacino, Q27271585, Tacrolimus, tobramicina # Olopatadina, Q27108063, Q27126856, Q48566767 # Astemizol, Azelastina, Nedocromilo, Olopatadina, Q2240116, Q3837481, Q417654, Q6666510, Q6807292, Q7162004, Q771975 # Astemizol, Azelastina, Nedocromilo, Olopatadina, Q2240116, Q3837481, Q417654, Q6666510, Q6807292, Q7162004, Q771975 # Moxifloxacino, Natamicina, Norfloxacino, Q27271585, Tacrolimus, tobramicina "
494,C0017601 # C0149931 # C0022568 # C0012634 # C0039082 # C0012634 ,"Acetazolamida, Bimatoprost, Brimonidina, Brinzolamida, Carbacol, Clonidina, Diclorfenamida, Dipivefrina, Dorzolamida, Latanoprost, Metazolamida, Pilocarpina, Q27077758, Q27292429, Q384993, Q5299119, Ranibizumab, Tafluprost, Travoprost, fisostigmina, mitomicina # Almotriptán, Clonixina, Fentanilo, Gabapentina, Ketorolaco, Lamotrigina, Naratriptán, Pregabalina, Q1185089, Q4095199, Q421336, Rizatriptán, Topiramato, Zolmitriptán, Zonisamida, amitriptilina, buprenorfina, diclofenaco, duloxetine, eletriptán, ergotamina, ibuprofeno, naproxeno, paracetamol, propranolol, sumatriptán, triptán, venlafaxina # Natamicina, Q27271585, Q3837481, Q6666510, tropicamida # - # - # - "
495,C0021670 # C0011993 # C0017689 ,Everolimus # - # - 
496,,
497,,
498,C0016658 # C0016658 # C0016658 ,"Denosumab, Teriparatida # Denosumab, Teriparatida # Denosumab, Teriparatida "
499,C0031036 ,- 
500,C0003873 # C0016053 # C0032533 # C1527406 # C0038013 ,"Auranofín, Captopril, Celecoxib, Cloroquina, Diflunisal, Enalapril, Etanercept, Etodolaco, Metotrexato, Piroxicam, Q1749609, Q27268177, Q347613, Sulindaco, Tolmetina, adalimumab, anakinra, aurotioglucosa, azatioprina, ciclosporina, diclofenaco, fenoprofeno, flurbiprofeno, hidroxicloroquina, ibuprofeno, indometacina, ketoprofeno, leflunomida, metilprednisolona, nabumetona, naproxeno, oro, penicilamina, sulfasalazina, talidomida, ácido acetilsalicílico # Etanercept, Q7553347, amitriptilina, antiepiléptico, antiinflamatorio no esteroideo, cannabis, guaifenesina, inhibidor de la recaptación de serotonina y noradrenalina, medicina alternativa, opioide # Etanercept, Metotrexato, Prednisolona, Prednisona, tocilizumab # Etanercept, Metotrexato, Prednisolona, Prednisona, tocilizumab # Apremilast, Celecoxib, Etanercept, Metotrexato, Piroxicam, Q412909, Q7444755, Sulindaco, Ustekinumab, adalimumab, diclofenaco, golimumab, ibuprofeno, infliximab, naproxeno "
501,C0003868 # C0029408 # C0024031 ,"Alopurinol, Febuxostat, Pegloticasa, Probenecid, Sulfinpirazona, Sulindaco, colchicina, diclofenaco, ibuprofeno, indometacina, naproxeno, ácido acetilsalicílico # Celecoxib, Diflunisal, Etodolaco, Glucosamina, Meloxicam, Piroxicam, Q1749609, Q347613, Q7701370, Sulindaco, Tolmetina, diclofenaco, fenoprofeno, flurbiprofeno, ibuprofeno, indometacina, ketoprofeno, nabumetona, naproxeno, rofecoxib, ácido acetilsalicílico # Tizanidina "
502,,
503,C0012634 # C0039082 ,- # - 
504,,
505,C0029408 ,"Celecoxib, Diflunisal, Etodolaco, Glucosamina, Meloxicam, Piroxicam, Q1749609, Q347613, Q7701370, Sulindaco, Tolmetina, diclofenaco, fenoprofeno, flurbiprofeno, ibuprofeno, indometacina, ketoprofeno, nabumetona, naproxeno, rofecoxib, ácido acetilsalicílico "
506,,
507,C0003090 # C0033785 # C0014306 # C0423224 # C0014306 # C0423224 ,- # - # - # - # - # - 
