kasuZbkia,gaixotasunak,gaixotasunUMLS,sintomak,sintomenUMLS,gaixSin,gaixSinUMLS
0,"enfermedades,coágulos,úlcera,protuberancia,trombo plaquetario","C0012634#C0039082,C0302148,C0041582,C0332567#C0032639,C0333209",palidez,C0030232#C1275397,"deposiciones melénicas,doloroso","-,-"
1,"bronquitis crónica,colecistitis aguda,leucocitosis","C0008677,C0149520,C0023518#C0750426","insuficiencia,con dieta absoluta,fiebre,dolor abdominal,leucocitosis","C0231179,C3472561,C0015967,C0000737,C0023518#C0750426",,
2,"hipertensión arterial,prurito,dilatación,punción,adenocarcinoma","C0020538,C0036262#C0033774,C0012359,C0033119,C0001418","mujer,ictericia,prurito,anorexia,nódulo hepático,hallazgos,masa pancreática,aspiración","C0043210#C0015780#C0086418,C0022346,C0036262#C0033774,C1971624,C0745761,C0243095,C0877425,C0700198#C0349707",,
3,,,"astenia,ictericia","C0004093#C3714552,C0022346","VHA,HBsAg,VHC","-,-,-"
4,"esofagitis erosiva,pliegues,displasia","C0267055,C0332462,C0334044#C1279612",pirosis,C0018834,epitelio,C0225337
5,"cáncer,adenomas","C1306459#C0936282#C0006826,C0001430",,,,
6,"tumor,lesiones,cáncer,carcinoma","C0027651,C0332447#C1313971#C0221198,C1306459#C0936282#C0006826,C0007097",,,células inflamatorias,C1269647#C0007634 C0333348
7,"lesiones,hepatomegalia","C0332447#C1313971#C0221198,C0019209","Mujer,conductas,prurito generalizado,astenia,ausencia de lagrimeo,ictericia conjuntival","C0043210#C0015780#C0086418,C0004927,C0475858,C0004093#C3714552,C0423154,C0240962","conductas sexuales de riesgo,hepatitis,sequedad","C0004927 - C0332285 -,C0019158,-"
8,nódulo tiroideo,C0040137#C0342115,,,"patrón folicular,invasión","C0449774 C0439682,-"
9,"tumefacción,compresión","C0038999,C0332459#C1285497","caída,tumefacción,hormigueos,disestesias","C0085639,C0038999,C0016579,C0392699",,
10,"masa abdominal,quiste","C0000734#C0000731,C0686883#C0010709","Niño de,dolor abdominal,ictericia,masa abdominal","C0680063,C0000737,C0022346,C0000734#C0000731",,
11,"nódulo,punción","C0028259,C0033119",,,,
12,"demencia,neumonía aspirativa,úlcera por presión","C0497327,C0032290#C1761609,C0011127","No se comunica,mujer","C0566002,C0043210#C0015780#C0086418",,
13,"hepatitis C,tendinitis,ampollas,hipertricosis","C0019196,C0039503,C0005758#C0344311#C1706498,C0020555","hábito,portador","C0018464,C0560175",hábito enólico,C0018464 -
14,"erupción cutánea,placas","C0015230,C0332461",morfología,C0700329#C0332437,"placas eritemato-edematosas,descamación","C0332461 -,C0237849"
15,enfermedad,C0012634#C0039082,aumento del tamaño,C1268652,,
16,"exantema,petequias","C0015230,C0031256","mujer,fiebre,cefalea","C0043210#C0015780#C0086418,C0015967,C0018681",artromialgias,-
17,,,"fumador,escalofríos,fiebre,tos","C0337664,C0234192#C0085593#C0424790,C0015967,C0010200","expectoración,NAC","C0232515#C0038056,-"
18,induración,C0332534,,,"ADVP,VIH","-,C0458074#C0019682"
19,enfermedad,C0012634#C0039082,Fiebre,C0015967,"hipoTA,enfermedad de Hosgkin","-,C0012634#C0039082 C0332285"
20,"artritis reumatoide,Herpes Zóster,quemosis","C0003873,C0019360,C0271298",Mujer,C0043210#C0015780#C0086418,,
21,"vegetación,endocarditis","C1285498,C0014118","Fiebre,pérdida de peso,disnea de esfuerzo,soplo diastólico,estigmas","C0015967,C0043096#C1285591,C0231807,C0232262,C0277787","embolismos,Streptococcus bovis","-,-"
22,"desviación,litiasis","C0185033#C0333051,C0023869","mujer,fiebre,dolor","C0043210#C0015780#C0086418,C0015967,C0030193",,
23,"neumonía,infección","C0032285#C3714636,C0009450",signo del halo,C0233205,,
24,neumonía,C0032285#C3714636,,,proceso diarreico,C1522240 -
25,,,,,adenopatías,-
26,"masa,lesión,metástasis,carcinoma epidermoide","C1306372#C0577559,C0332447#C1313971#C0221198,C2939419#C0013930,C0007137","fumador,tos,masa,hallazgo","C0337664,C0010200,C1306372#C0577559,C0243095","expectoración,adenopatías","C0232515#C0038056,-"
27,,,"disnea,tos,somnolencia","C0013404#C0553668,C0010200,C2830004","EPOC,expectoración","-,C0232515#C0038056"
28,asma bronquial,C0004096#C0085129#C1319018#C1260881,"disnea,tos","C0013404#C0553668,C0010200",agudizaciones,-
29,epilepsia,C0014544,llanto,C0010399,,
30,"miastenia gravis,dificultad para tragar,crisis miasténica","C0026896,C0011168,C0270942","dificultad para tragar,ruido,ronquido","C0011168,C0006318,C0037384","diplopia,sudoroso,fatigado","-,-,-"
31,"disminución,vómitos,masa,erosión","C0333668#C0547047,C0042963,C1306372#C0577559,C0333307","Mujer,cefalea,masa","C0043210#C0015780#C0086418,C0018681,C1306372#C0577559","nauseas,Hipotensa,oftalmoparesia,afectación","-,-,-,-"
32,,,"síntomas,debilidad","C1457887,C0424594#C0004093#C3714552",dificultad,C1299586#C0332218
33,"hipertensión arterial,artrosis","C0020538,C0029408","mujer,cansancio,debilidad,síntomas,mareo,incontinencia urinaria,temblor,Gira,actuaciones","C0043210#C0015780#C0086418,C0015672#C0475255,C0424594#C0004093#C3714552,C1457887,C0012833#C0220870,C0042024#C0312413,C0040822#C1527384,C0541749,C0699820",,
34,edematoso,C0013604,"mujer,dolor,cefalea","C0043210#C0015780#C0086418,C0030193,C0018681","pérdida,febrícula,pálido,alteraciones","-,-,C1971630#C0017651,-"
35,"cáncer de mama,exposición,infección aguda,zona,esclerosis ósea","C0006142#C0678222,C0274281,C0275518,C0019360,C0221434","Mujer,signos","C0043210#C0015780#C0086418,C0311392",metástasis,C0036525
36,"carcinoma epidermoide,tumor","C0007137,C0027651",fumador,C0337664,"bebedor,adenopatía","-,-"
37,"tumefacción,trismus","C0038999,C0041105","fiebre,tumefacción,dolor","C0015967,C0038999,C0030193",mal,C0205169
38,,,"sedimento urinario,conducta","C2945609#C1261248,C0004927",,
39,vómitos,C0042963,"Niño de,embarazo,nacimiento,exceso de base","C0680063,C0549206#C0032961#C0549169,C1148523#C0005615,C0201985#C1330956",visceromegalias,-
40,Síndrome,C0012634#C0039082,"niño de,soplo","C0680063,C0006318#C0018808",Síndrome de Wolf-Parkinson-White,C0012634#C0039082 C0332285 -
41,tuberculosis pulmonar,C0041327,Niño de,C0680063,,
42,"zona,alopecia","C0019360,C0002170","Niño de,tumoración","C0680063,C0577559",adenomegalias,-
43,,,"niño de,gira,dolor","C0680063,C0233591,C0030193",,
44,,,"Niño de,cojera,signos","C0680063,C0311395#C1456822,C0311392",,
45,"tumor,feocromocitoma","C0027651,C0031511",,,,
46,,,recién nacido,C0021289#C2239178,hepatitis B,C0019169
47,,,"fallecimiento,accidente automovilístico,hermano mayor","C1306577,C1290896#C1367973,C0337546#C0337537","sintomatología ansiosa,humor depresivo","-,C0026516"
48,,,"síntomas,ansiedad","C1457887,C0003467",patología,C0030664
49,poliuria,C0032617,"polidipsia,poliuria,tos,respiración profunda,fiebre,cetonuria","C1994994#C0085602,C0032617,C0010200,C1328799#C0220854,C0015967,C0162275","deterioro,náuseas,sensación febril,sequedad","C1279889,-,C0036658#C1455667 C0015967,-"
50,"disminución,poliuria,desviaciones","C0333668#C0547047,C0032617,C0185033#C0333051","cefaleas,problemas,polidipsia,poliuria,hemianopsia","C0018681,C0033213,C1994994#C0085602,C0032617,C0018979",menarquia,-
51,síndrome de Cushing,C0001622#C0010481,"mujer,obesa","C0043210#C0015780#C0086418,C0028754",síndrome de Cushing ACTH,C0001622#C0010481 -
52,,,"mujer,gestación,primípara,ataxia,portador","C0043210#C0015780#C0086418,C0549206#C0032961#C0549169,C0033150,C0004134,C0560175","mutación,DPN","-,-"
53,,,,,pérdida,-
54,"turista,traumatismos","C0277528,C3263723","varón,disnea","C0086582,C0013404#C0553668",,
55,"fractura de cadera,demencia","C0435805#C0019557#C0015806,C0497327","mujer,presión venosa yugular normal,ritmo sinusal","C0043210#C0015780#C0086418,C0520859,C0232201","HTA,DL,alteraciones","-,C0439241,-"
56,"tenosinovitis,herida penetrante,necrosis","C0039520,C0043254,C0027540",,,,
57,"cáncer de mama,metástasis","C0006142#C0678222,C2939419#C0013930",mujer,C0043210#C0015780#C0086418,,
58,"hepatomegalia,degeneración hialina,fibrosis","C0019209,C0333438,C0016059","sobrepeso,bebedor habitual","C0497406,C0556340","diabético,acúmulos,vacuolas claras citoplásmicas,Focos inflamatorios","-,-,- C2963144#C1306462#C0522503,- C0333348"
59,litiasis,C0023869,"varón,cólicos,dolor,proteinuria","C0086582,C0423605#C0232488#C3665357,C0030193,C0033687","palpitaciones,leucocituria,FA","-,-,-"
60,cardiopatía isquémica,C0002962#C0151744,"dolor torácico opresivo,conducta","C1299600,C0004927",HTA,-
61,"enfermedad de Alzheimer,depresión,artrosis","C0002395,C0011581#C1269683#C0025193#C0344315,C0029408","depresión,dolores,tensión,confusión","C0011581#C1269683#C0025193#C0344315,C0030193,C0038435,C0009090",FA,-
62,drogadicción,C1510472,"mujer,somnolencia","C0043210#C0015780#C0086418,C2830004",,
63,,,"dolor,disnea,taquipnea,pulso paradójico","C0030193,C0013404#C0553668,C0231835,C0232118",cuadro febril,- C0015967
64,derivaciones,C1442858#C0542331,"paresia,dolor precordial,piel fría","C0151786,C0232286,C1997526","exfumador,hipertenso,diabético,ictus,sudorosa,elevación","-,-,-,-,-,C0439775"
65,"síncope,defecto","C0039070#C0332521,C1457869#C0231172","síncope,disnea de esfuerzo,Taquicardia,defecto","C0039070#C0332521,C0231807,C0039231,C1457869#C0231172",,
66,,,"mujer,insuficiencia,disnea","C0043210#C0015780#C0086418,C0231179,C0013404#C0553668","diabetes,alteración","-,-"
67,pancreatitis aguda,C0001339#C0341461,"taquipnea,taquicardia,sudoración,cianosis","C0231835,C0039231,C0038990,C0010520",infiltrados,-
68,"obesidad,disminución,deshidratación,leucocitosis","C0028754#C0451819#C1563743,C0333668#C0547047,C0011175,C0023518#C0750426","Mujer,fiebre,poliaquiuria,disuria,signos,leucocitosis","C0043210#C0015780#C0086418,C0015967,C0042023,C0013428,C0311392,C0023518#C0750426",diabetes,-
69,"enfermedad de Crohn,nódulos","C0010346,C0028259",dolor abdominal,C0000737,"afectación,dolorosos","-,-"
70,"hernia hiatal por deslizamiento,esofagitis","C0376710,C0014868","mujer,astenia,disnea de esfuerzo,pirosis,metrorragias,signos","C0043210#C0015780#C0086418,C0004093#C3714552,C0231807,C0018834,C0025874,C0311392","postmenopáusica,epigastralgia","-,-"
71,,,diarrea,C0011991,patología,C0030664
72,"pigmentación,hepatomegalia","C0031911#C3665492,C0019209","fallecimiento,homocigoto","C1306577,C0019904","hipertransaminasemia,cirrosis,virus hepatotropos,mutación C282Y","-,-,C0042776,-"
73,"miocardiopatía,fibrilación auricular crónica","C0878544,C0694539",disfunción,C0277785,,
74,estenosis,C0009814#C1261287,dolor precordial,C0232286,deprimida,-
75,"miocardiopatía,bloqueo de rama,insuficiencia mitral","C0878544,C0006384,C0026266",,,,
76,disfunción sistólica del ventrículo izquierdo,C1277187,"insuficiencia,disnea","C0231179,C0013404#C0553668","hipertenso,dislipémico,empeoramiento,crepitantes","-,-,-,-"
77,,,"soplo mesosistólico,signos","C0232259,C0311392",crecimiento,-
78,síncope,C0039070#C0332521,"síncope,disnea de esfuerzo,soplo sistólico","C0039070#C0332521,C0231807,C0232257",,
79,"hipertensión arterial,fibrilación auricular,edema","C0020538,C0004238,C0013604","mujer,insuficiencia,disfunción,cansancio,edema,signos,síntomas","C0043210#C0015780#C0086418,C0231179,C0277785,C0015672#C0475255,C0013604,C0311392,C1457887",eventos cardiovasculares,C0441471 -
80,,,"dolor,fumador","C0030193,C0337664","dolor,hipertenso,enfermedad","C1719974,-,C0521117"
81,cáncer,C1306459#C0936282#C0006826,mujer,C0043210#C0015780#C0086418,,
82,,,"Mujer,incontinencia fecal","C0043210#C0015780#C0086418,C0015732",,
83,"neoplasia de mama,metástasis","C1458155,C2939419#C0013930","dolores,cefalea,analgesia,dolor","C0030193,C0018681,C0344307,C0030193",dolor,C1304888#C0002766
84,"lesiones,exposición,ampolla,depósitos","C0332447#C1313971#C0221198,C0274281,C0005758#C0344311#C1706498,C0442627#C0333562",,,"fragilidad,ampolla subepidérmica","C0302113,C0005758#C0344311#C1706498 -"
85,"erupción pruriginosa,pápulas,zona,lesiones","C0033771,C0332563,C0019360,C0332447#C1313971#C0221198",pápulas,C0332563,,
86,enfermedad,C0012634#C0039082,,,,
87,"piel seca,anemia","C0263465#C0151908,C0002871#C0221395#C1510654","astenia,voz ronca,habla,somnolencia,hinchazón,piel seca,proteinuria","C0004093#C3714552,C0019825,C0600116#C0037817,C2830004,C0038999,C0263465#C0151908,C0033687","lentitud,pálida","-,C1971630#C0017651"
88,"poliuria,hipercalcemia,osteoporosis,adenoma paratiroideo,hipocalcemia,tetania","C0032617,C0020437,C0029456,C0262587,C0020598,C0039621","mujer,fatiga,poliuria","C0043210#C0015780#C0086418,C0015672,C0032617","aumento,resorción","C0442805,C0231570"
89,"edemas,lesiones","C0013604,C0332447#C1313971#C0221198","edemas,disnea,Soplo sistólico,ruido","C0013604,C0013404#C0553668,C0232257,C0006318","HTA,mal control,asimetría","-,C0205169 C0026426,C0332514"
90,"infarto de miocardio,enfermedad","C0027051,C0012634#C0039082",murió,C1546956,manchas induradas,-
91,síndrome,C0012634#C0039082,,,síndrome depresivo,C0012634#C0039082 -
92,"otitis media aguda,meningitis meningocócica,neumonías,púrpura,lesiones,dermatitis atópica,disminución","C0271429,C0025294#C0007813#C1279475,C0032285#C3714636,C0439542#C0034150,C0332447#C1313971#C0221198,C0011615#C2242769,C0333668#C0547047","Niño de,púrpura,varones","C0680063,C0439542#C0034150,C0086582","procesos infecciosos,elevación","C1522240 -,C0439775"
93,"neurofibromatosis,enfermedad,neurofibromas,manchas café con leche,nódulos","C0162678#C1314735,C0012634#C0039082,C0027830,C0221263,C0028259",,,"NF1,enfermedad de Von Recklinghausen,nódulos de Lisch","-,C0012634#C0039082 C0332285,C0028259 C0332285"
94,"distrofia muscular de Becker,enfermedad","C0917713#C0013264,C0012634#C0039082",,,deleción,-
95,mioma,C0027086,mujer,C0043210#C0015780#C0086418,,
96,"prurito vulvar,prurito","C0033778,C0036262#C0033774","menopausia,prurito,tumoración","C0025320#C0567312,C0036262#C0033774,C0577559","pérdidas,disúria","-,-"
97,secreción,C0012621,mujer,C0043210#C0015780#C0086418,nodularidad,C0449579
98,"lesiones,atrófico","C0332447#C1313971#C0221198,C0333641#C0037154","menopausia,gestaciones,sensibilidad","C0025320#C0567312,C0549206#C0032961#C0549169,C1264642#C0439823#C0312418","diabetis,metrorràgia,endometrio","-,-,C1269566#C0014180"
99,"anemia microcítica,trombocitosis","C0085576,C0836924","Mujer,astenia,volumen,trombocitosis","C0043210#C0015780#C0086418,C0004093#C3714552,C0449468#C0178733,C0836924",hipocroma,-
100,"petequias,anemia,trombopenia,leucopenia,neutropenia,hipofibrinogenemia,infiltración","C0031256,C0002871#C0221395#C1510654,C0040034,C0023530#C0750394,C0027947#C0001824#C1534864#C1576411#C0853697,C0553681,C0702249#C0332448","mujer,cansancio,leucopenia,neutropenia","C0043210#C0015780#C0086418,C0015672#C0475255,C0023530#C0750394,C0027947#C0001824#C1534864#C1576411#C0853697","gingivorragia,alargamiento","-,C0441592"
101,"parálisis cerebral,anisocitosis,policromatofilia","C0007789,C0221278,C0333942","Mujer,fiebre,tos seca","C0043210#C0015780#C0086418,C0015967,C0850149",orinas oscuras,C0042036 C0332582
102,embolia,C1704212#C0013922,"Mujer,embarazo,portadora","C0043210#C0015780#C0086418,C0549206#C0032961#C0549169,C0560175",fenómeno trombótico,-
103,derrame,C0013687,"varón,fiebre,tos,disnea,dolor pleurítico,líquido","C0086582,C0015967,C0010200,C0013404#C0553668,C0008033,C0444611#C1304698#C1697794#C0302908#C1704353",,
104,TBC,C0041296,,,,
105,"faringitis aguda,exantema,leucocitosis,linfocitosis,trombopenia","C0001344#C0031350,C0015230,C0023518#C0750426,C0024282#C0853698,C0040034","Mujer,fiebre,dolor faríngeo,leucocitosis,linfocitosis","C0043210#C0015780#C0086418,C0015967,C0242429,C0023518#C0750426,C0024282#C0853698","adenopatías,transaminasas","-,C1152208#C0002594"
106,hepatitis B,C0019163,,,,
107,"edemas,miocardiopatía,enfermedad de Chagas","C0013604,C0878544,C0041234","Mujer,disnea,edemas,insuficiencia,enfermedad endémica","C0043210#C0015780#C0086418,C0013404#C0553668,C0013604,C0231179,C0277550",palpitaciones,-
108,"infecciones,Sedimento","C0009450,C0333562","gestación,dolor,disuria","C0549206#C0032961#C0549169,C0030193,C0013428","sensación febril,ITU","C0036658#C1455667 C0015967,-"
109,"diabetes mellitus,estreñimiento,nefropatía diabética","C0011849,C0009806,C0011881","mujer,Se siente bien,estreñimiento,tos","C0043210#C0015780#C0086418,C0424578,C0009806,C0010200","hipertensión,intolerancia","-,C0231199"
110,"deshidratación,exposición","C0011175,C0274281",Mujer,C0043210#C0015780#C0086418,sensación de mareo,C0036658#C1455667 C0332285 C0012833#C0220870
111,,,"tos persistente,disnea,síntomas","C0562483,C0013404#C0553668,C1457887","gene,ralmente","-,-"
112,"trastornos,atrofia muscular","C0012634#C0039082,C0026846","hormigueo,torpeza,síntomas,anestesia,dolor,sensibilidad,dismetría,disdiadococinesia,temblor intencional","C0016579,C0233844,C1457887,C0278134,C0030193,C1264642#C0439823#C0312418,C0234162,C0234979,C0234376","diabético,sensación de acorchamiento,insensibilidad,déficit","-,C0036658#C1455667 C0332285,-,C0011155"
113,zona,C0019360,"mujer,dolor de cabeza,dolor,cefalea","C0043210#C0015780#C0086418,C0018681,C0030193,C0018681",,
114,deterioro,C1265875#C0684336#C0231171,"varón,deterioro,fallos,alucinaciones,caídas","C0086582,C1265875#C0684336#C0231171,C0231174,C0018524,C0085639",enlentecimiento,-
115,ausencias,C1689985#C0014553,"mujer,crisis","C0043210#C0015780#C0086418,C0231224",saltos violentos,-
116,"hemiparesia,lesión","C0018989,C0332447#C1313971#C0221198","debilidad muscular,signo de Babinski,parálisis fláccida,incapacidad","C0151786,C0034935,C0085620,C0231172",hiperreflexia,C2939158
117,"insuficiencia renal crónica,hemiparesia derecha,lesiones,necrosis,deterioro","C0403447,C0457435,C0332447#C1313971#C0221198,C0027540,C1265875#C0684336#C0231171","somnolencia,deterioro,conducta","C2830004,C1265875#C0684336#C0231171,C0004927","DM,HTA,aumento,Esquistocitos","C0439199,-,C0442805,C0221282"
118,"drusas,metamorfopsia,pérdida visual","C1260959#C0333440,C0271185,C0456909#C0042798#C3665346#C3665347#C0042790#C3665386",Mujer,C0043210#C0015780#C0086418,,
119,úlcera corneal central,C0155069,dolor,C0030193,,
120,"cirrosis hepática,lesión,lesiones,hepatocarcinoma,metástasis,ascitis,síndrome","C0023890,C0332447#C1313971#C0221198,C0332447#C1313971#C0221198,C2239176,C2939419#C0013930,C0003962,C0012634#C0039082","descompensación,astenia","C0231187,C0004093#C3714552","invasión,síndrome general","-,C0012634#C0039082 C0205246"
121,metástasis,C2939419#C0013930,crisis,C0231224,,
122,hematoma,C0018944,mirada,C0553544,"traumatismo,diplopia,dificultad","C0441718,-,C1299586#C0332218"
123,otalgia,C0013456,"fiebre,signos,irritabilidad","C0015967,C0311392,C0022107","signos inflamatorios,tímpano sonrosado","C0311392 C0333348,C0041445 -"
124,"otalgia,disminución,induración,ulceración","C0013456,C0333668#C0547047,C0332534,C0234233#C0041582","fumador,capacidad,ulceración,conducta","C0337664,C0086035,C0234233#C0041582,C0004927","bebedor,odinodisfagia,origen dental,adenopatías","-,-,C0439659,-"
125,,,"recién nacido,sin hallazgos patológicos","C0021289#C2239178,C0332442","bolsón,atrésico,neumatización,anomalías","-,-,-,-"
126,hepatomegalia,C0019209,consistencia normal,C0332530,virus hepatotropos,C0042776 -
127,,,"niño de,fiebre,irritabilidad","C0680063,C0015967,C0022107",fontanela,-
128,"estreñimiento,bradicardia,anemia,leucopenia","C0009806,C0428977,C0002871#C0221395#C1510654,C0023530#C0750394","pérdida de peso,astenia,amenorrea secundaria,estreñimiento,hipotensión ortostática,leucopenia,onda T aplanada","C0043096#C1285591,C0004093#C3714552,C0232940,C0009806,C0428894,C0023530#C0750394,C0429059",,
129,,,Niño de,C0680063,,
130,"zona,exantema,conjuntivitis,rinorrea","C0019360,C0015230,C0009763,C1260880","sospecha de enfermedad,fiebre,pesar,tos,rinorrea,taquipnea,signos,dificultad respiratoria","C0277540,C0015967,C1879338#C0018235,C0010200,C1260880,C0231835,C0311392,C0013404#C0553668","enfermedad de Kawasaki,faringoamigdalitis,pruriginoso,subcrepitantes,manchas","C0277540 C0332285 -,-,C0439707,-,-"
131,,,"pesimistas,fobia,distorsión de la imagen corporal","C0424134,C0349231#C0015726,C0558116","pérdida,ideas de muerte,ideación autolítica","-,- C0332285 C1306577#C0011065,C0392348"
132,,,"mujer,conflictos","C0043210#C0015780#C0086418,C0009671",nerviosa,-
133,parálisis bilateral,C0221165,Mujer,C0043210#C0015780#C0086418,,
134,insomnio de conciliación,C0393760,mujer,C0043210#C0015780#C0086418,,
135,"rash cutáneo,exposición","C0015230,C0274281","malestar general,debilidad,palidez","C0234215#C0231218,C0424594#C0004093#C3714552,C0030232#C1275397",poliartritis,C0162323
136,,,"dolor agudo,signos","C0184567,C0311392","signos inflamatorios,cristales intracelulares","C0311392 C0333348,- C0178719"
137,lesiones,C0332447#C1313971#C0221198,"mujer,debilidad muscular","C0043210#C0015780#C0086418,C0151786",,
138,"tumefacción,erosión","C0038999,C0333307","dolor,tumefacción,rigidez matutina","C0030193,C0038999,C0457086",,
139,"hipertensión arterial,úlcera duodenal,urolitiasis,podagra,tofos","C0020538,C0013295,C0451641,C0221168,C0221248",crisis,C0231224,ácido,C0041980
140,"conjuntivitis,uretritis,balanitis","C0009763,C0041976,C0004690",dolor articular,C0003862,estomatitits,-
141,impotencia,C0242350,"impotencia,dolor","C0242350,C0030193","gonartrosis,Genu,limitación","-,-,C0449295"
142,,,"obeso,dolor mecánico","C0028754,C0234252",pérdida,-
143,"diabetes mellitus,hipertensión arterial,hipopotasemia","C0011849,C0020538,C0020621#C1971021#C0032827","cansancio,disminución del apetito,disnea,tos,síntomas urinarios","C0015672#C0475255,C0232462,C0013404#C0553668,C0010200,C0426359",broncopatía,-
144,"enfermedad renal crónica,enfermedad","C0403447,C0012634#C0039082",,,Poliquistosis,-
145,"espondilitis anquilosante,hipoalbuminemia,edemas,hematuria,deformidad","C0038013,C0239981,C0013604,C0018965,C0302142","proteinuria,edemas,sedimento urinario,hematuria,deformidad","C0033687,C0013604,C2945609#C1261248,C0018965,C0302142",,
146,extrasístoles ventriculares,C0151636,"astenia,debilidad muscular","C0004093#C3714552,C0151786","hipertensión,QT","-,-"
147,"hipertensión arterial,edemas,sedimento","C0020538,C0013604,C0333562","Mujer,edemas,proteinuria","C0043210#C0015780#C0086418,C0013604,C0033687",,
148,"hipertensión arterial,estenosis","C0020538,C0009814#C1261287",Mujer,C0043210#C0015780#C0086418,,
149,valvulopatía,C0018824,"insuficiencia,soplo holosistólico","C0231179,C0232258",,
150,angina de esfuerzo,C0577698,soplo sistólico,C0232257,,
151,lesión,C0332447#C1313971#C0221198,"Mujer,dolor","C0043210#C0015780#C0086418,C0030193","hipertensa,cordones varicosos","-,- C0439652"
152,"síndrome coronario agudo,edema agudo de pulmón","C0948089,C0155919","portador,insuficiencia","C0560175,C0231179",,
153,"miocardiopatía,hipertrófica","C0878544,C0020564","varón,muerte súbita","C0086582,C0011071",,
154,EPOC,C0024117,,,,
155,"alergia,asma bronquial","C0020517,C0004096#C0085129#C1319018#C1260881","mujer,disnea de esfuerzo","C0043210#C0015780#C0086418,C0231807",agudizaciones,-
156,"infecciones,disminución,hiperinsuflación","C0009450,C0333668#C0547047,C0020449","disnea,fumador,murmullo vesicular,hallazgos,signos,atrapamiento aéreo","C0013404#C0553668,C0337664,C0231857,C0243095,C0311392,C0231819","expectoración,alargada","C0232515#C0038056,-"
157,,,"ronquidos,somnolencia diurna,Somnolencia,síntomas,signos,apnea,hipopnea","C0037384,C2219848,C2830004,C1457887,C0311392,C0003578,C0235546#C0221161",fumador,C0337672
158,"esquizofrenia,neumonía,derrame pleural,leucocitosis","C0036341,C0032285#C3714636,C0032227,C0023518#C0750426","Mujer,hábitos,persistencia,leucocitosis,conducta","C0043210#C0015780#C0086418,C0018464,C0546816,C0023518#C0750426,C0004927","hábitos tóxicos,febrícula","C0018464 -,-"
159,"anemia,esplenomegalia","C0002871#C0221395#C1510654,C0038002","mujer,ictericia conjuntival","C0043210#C0015780#C0086418,C0240962",litiasis,C0242216
160,"tumefacción,traumatismo","C0038999,C3263723","Niño de,tumefacción","C0680063,C0038999",hemartros,-
161,"epistaxis,petequias,equimosis,trombocitopenia,púrpura trombocitopénica,PTI","C0014591,C0031256,C0013491,C0040034,C0857305,C0398650","mujer,equimosis,trombocitopenia","C0043210#C0015780#C0086418,C0013491,C0040034",taria,-
162,aplasia medular,C1368107,,,,
163,,,"disnea,malestar general","C0013404#C0553668,C0234215#C0231218",Diabético,-
164,"accidente cerebrovascular,hipertensión arterial,diabetes mellitus tipo 2,reducción","C0038454#C1540600,C0020538,C0011860,C0333668",mujer,C0043210#C0015780#C0086418,,
165,"hipopotasemia,síndrome de realimentación","C0020621#C1971021#C0032827,C0860549",insuficiencia,C0231179,hipofosforemia,-
166,obesidad,C0028754#C0451819#C1563743,"dietas,dieta","C0012155,C0012155",,
167,"trombosis,fractura de Colles,anemia","C0087086#C0003148#C0040053,C0009353,C0002871#C0221395#C1510654","cansancio,dolor óseo","C0015672#C0475255,C0151825",,
168,"hipertensión arterial,Obesidad,disminución,osteoporosis","C0020538,C0028754#C0451819#C1563743,C0333668#C0547047,C0029456",dolores,C0030193,"dificultad,equímosis,facies,aumento,estrías,aplastamientos","C1299586#C0332218,-,C0282631,C0442805,-,-"
169,"bulto,zona,masa","C0577559,C0019360,C1306372#C0577559","Mujer,bulto,masa","C0043210#C0015780#C0086418,C0577559,C1306372#C0577559",adenopatías,-
170,"infarto agudo de miocardio,obesidad","C0155626,C0028754#C0451819#C1563743","Fumador,falleció","C0337664,C1546956",diabetes,-
171,,,"Niño de,distracciones","C0680063,C0424537#C1369038",,
172,"hematuria,leucocitosis","C0018965,C0023518#C0750426","fiebre,hallazgos,hematuria,leucocitosis","C0015967,C0243095,C0018965,C0023518#C0750426",leucocituria,-
173,"infección,masas,rinorrea","C0009450,C1306372#C0577559,C1260880","heces líquidas,vómito alimentario,lactancia,bien nutrido,eupneica,masas,rinorrea,acuosa","C0232708,C0577085,C0231330#C0006147,C2364291,C0231795,C1306372#C0577559,C1260880,C0443350",megalias,-
174,fibrosis quística,C0010674#C1527396#C0016033,,,,
175,"esplenomegalia,hipergammaglobulinemia policlonal","C0038002,C0154254","debilidad,palidez","C0424594#C0004093#C3714552,C0030232#C1275397","episodios febriles,pérdida","C0332189 C0015967,-"
176,"lesiones,rinorrea","C0332447#C1313971#C0221198,C1260880","niño de,enrojecimiento facial,tos,rinorrea,acuosa,hipoventilación,sibilancias,relleno capilar","C0680063,C0016382,C0010200,C1260880,C0443350,C3203358,C0043144#C0392681,C0425716",tiraje,-
177,"lesiones,infección de vías respiratorias superiores,petequias","C0332447#C1313971#C0221198,C0041912,C0031256","Niño de,dolor abdominal,cólico,pérdida de peso,dolor difuso,hallazgos","C0680063,C0000737,C0423605#C0232488#C3665357,C0043096#C1285591,C0520963,C0243095","deposiciones diarreicas,visceromegalias","-,-"
178,"Diabetes Mellitus tipo 2,deterioro,atrofia,zona,trastorno,trastornos,traumatismo","C0011860,C1265875#C0684336#C0231171,C0333641#C0037154,C0019360,C0012634#C0039082,C0012634#C0039082,C3263723","deterioro,alucinaciones,temblor","C1265875#C0684336#C0231171,C0018524,C0040822#C1527384","VIH,trastorno conductual,focalidad,caida","C0458074#C0019682,C0012634#C0039082 -,-,-"
179,"parkinsonismo,distonía,enfermedad","C0242422,C0013421#C0393593,C0012634#C0039082","temblor,distonía,conducta,síntomas","C0040822#C1527384,C0013421#C0393593,C0004927,C1457887","alteración,síntomas neurológicos","-,C1457887 C0205494"
180,"insomnio,síndrome de piernas inquietas","C0917801#C0424566,C0035258","Mujer,sensación de hormigueo,síntomas","C0043210#C0015780#C0086418,C0423572,C1457887",quemazón,-
181,,,"problemas,incapacidad,parafasias","C0033213,C0231172,C0234488",,
182,"pancreatitis aguda,necrosis,leucocitosis","C0001339#C0341461,C0027540,C0023518#C0750426","fiebre,leucocitosis,sedimento urinario","C0015967,C0023518#C0750426,C2945609#C1261248",,
183,"apendicitis,vómitos,dilatación","C0003615,C0042963,C0012359","Mujer,distensión abdominal,timpanismo","C0043210#C0015780#C0086418,C0000731,C0000731#C1291077","deposición diarreica,irritación","-,C0441723"
184,"lesiones,erosiones","C0332447#C1313971#C0221198,C0333307",,,pruriginosas,C0439707
185,cáncer,C1306459#C0936282#C0006826,,,,
186,"Lesión,infecciones","C0332447#C1313971#C0221198,C0009450","Mujer,mujer","C0043210#C0015780#C0086418,C0043210#C0015780#C0086418","L-SIL,Trichomoniasis","-,-"
187,dilatación,C0012359,"Mujer,gestación,registro,conducta","C0043210#C0015780#C0086418,C0549206#C0032961#C0549169,C0079809#C0421433,C0004927",patrón fetal decelerativo,C0449774 - -
188,"lesión,abortos,dilatación,membranas","C0332447#C1313971#C0221198,C0156543#C1281512,C0012359,C0332875","mujer,gestación,vivos,contracciones,embarazo","C0043210#C0015780#C0086418,C0549206#C0032961#C0549169,C2584946,C1140999,C0549206#C0032961#C0549169","H-SIL,sensación de peso","-,C0036658#C1455667 C0332285 C0043100"
189,asma,C0004096#C0085129#C1319018#C1260881,mujer,C0043210#C0015780#C0086418,efectos teratogénicos,C1704419#C1280500#C1280519 -
190,"vómito,diverticulitis","C0042963#C0042965,C0012813","mujer,dolor en fosa ilíaca izquierda,fiebre,dolor a la palpación","C0043210#C0015780#C0086418,C0476307,C0015967,C0234233","ocupación,defensa,descompresión","C0028811,-,C1829459#C0021153"
191,"enfermedad,estenosis","C0012634#C0039082,C0009814#C1261287","astenia,sudoración,mareos","C0004093#C3714552,C0038990,C0012833#C0220870","enfermedad ulcerosa,estado nauseoso,retortijones,despeños diarreicos","C0012634#C0039082 C0041582,C0449438#C1301808 C0027497,-,-"
192,"fractura,arteritis,osteoporosis","C0016658,C0003860,C0029456","Mujer,menopausia","C0043210#C0015780#C0086418,C0025320#C0567312",,
193,"tumefacción,impotencia,derrame articular,leucocitosis con neutrofilia,monoartritis","C0038999,C0242350,C1253936#C0311222,C3665444#C1282609,C0158026","dolor,tumefacción,impotencia,fiebre,signos","C0030193,C0038999,C0242350,C0015967,C0311392","signos inflamatorios,elevación","C0311392 C0333348,C0439775"
194,edemas,C0013604,"edemas,astenia,hipogammaglobulinemia","C0013604,C0004093#C3714552,C0001768#C0086438",cadenas,C3540771#C0337112
195,"hemoptisis,depósito","C0019079,C0442627#C0333562",disnea,C0013404#C0553668,semilunas,-
196,"tumor,carcinoma de células renales,defectos,infiltración","C0027651,C0279702#C0007134#C1378703,C1457869#C0231172,C0702249#C0332448","defectos,hallazgos","C1457869#C0231172,C0243095",,
197,"lesiones,hematuria","C0332447#C1313971#C0221198,C0018965","sedimento urinario,hematuria","C2945609#C1261248,C0018965",,
198,"insuficiencia renal crónica,tromboembolismo","C0403447,C0040038",Mujer,C0043210#C0015780#C0086418,diabetes,-
199,edemas,C0013604,"edemas,proteinuria","C0013604,C0033687",,
200,"masa,lesión","C1306372#C0577559,C0332447#C1313971#C0221198","ataxia,cefaleas,masa","C0004134,C0018681,C1306372#C0577559","procesos citoplasmáticos largos,patrón fascicular","C1522240 - C0205166#C0392744,C0449774 C0205241"
201,"SIDA,hepatitis B","C0001175,C0019163","Varón,homosexual","C0086582,C0019900",VIH,C0458074#C0019682
202,"angina,cardiopatía isquémica,obstrucción","C0002962,C0002962#C0151744,C0028778",,,diabético,-
203,"angina,síncopes","C0002962,C0039070#C0332521","disnea,síncopes","C0013404#C0553668,C0039070#C0332521",,
204,"síncope,asistolia","C0039070#C0332521,C0018790","mareos,pródromos,síncope,registro","C0012833#C0220870,C0240805,C0039070#C0332521,C0079809#C0421433",,
205,"fibrilación auricular,bloqueo","C0004238,C0028778",Mujer,C0043210#C0015780#C0086418,hipertensa,-
206,"edemas,arritmia,fibrilación auricular,Trastorno","C0013604,C0003811,C0004238,C0012634#C0039082","Mujer,soplo,cansancio,edemas,cianosis,Soplo sistólico,ruido","C0043210#C0015780#C0086418,C0006318#C0018808,C0015672#C0475255,C0013604,C0010520,C0232257,C0006318","palpitaciones,estertores,hepatomeglaia,Trastorno de conducción","-,-,-,C0012634#C0039082 C0332285 C0457405"
207,"ascitis,edema periférico","C0003962,C0085649",insuficiencia,C0231179,,
208,"gastroenteritis aguda,deshidratación leve","C0267446,C3472705",signos,C0311392,"sangre,moco","C0005767,C0026727"
209,"angioedema,conjuntivitis,alergia,hipotensión","C0002994,C0009763,C0020517,C0020649","congestión nasal,sibilancias","C0027424,C0043144#C0392681","ronquera,pálido,sudoroso","-,C1971630#C0017651,-"
210,,,ictericia,C0022346,,
211,"petequias,equimosis,zonas,decúbito,esplenomegalia","C0031256,C0013491,C0019360,C0442303#C0011127,C0038002","equimosis,hallazgos","C0013491,C0243095","cuadro gripal,adenopatías","-,-"
212,,,mujer,C0043210#C0015780#C0086418,,
213,fractura patológica,C0016663,hallazgos,C0243095,,
214,"pancitopenia,anemia aplásica","C0030312,C0002874",presencia de células,C0427850,células inmaduras,C0427850 C0205252
215,petequias,C0031256,"cefalea,astenia","C0018681,C0004093#C3714552",esquistocitos,C0221282
216,"coma,lesiones","C0009421,C0332447#C1313971#C0221198",coma,C0009421,,
217,"lagrimeo,rinorrea","C2363241#C0152227,C1260880","Mujer,dolor intenso,rinorrea","C0043210#C0015780#C0086418,C0458256,C1260880",,
218,"hemiparesia derecha,deterioro,hematoma","C0457435,C1265875#C0684336#C0231171,C0018944","afasia,dieta,deterioro","C0003537,C0012155,C1265875#C0684336#C0231171",hipertensión,-
219,deterioro,C1265875#C0684336#C0231171,"deterioro,torpeza,alucinaciones","C1265875#C0684336#C0231171,C0233844,C0018524","lentitud,empeoramiento","-,-"
220,"amaurosis,papiledema","C0376288,C0030353#C0155288","Mujer,obesa,cefalea pulsátil,papiledema","C0043210#C0015780#C0086418,C0028754,C0423618,C0030353#C0155288",diplopia,-
221,,,fiebre,C0015967,"bronquítico,cuadro neumónico,Streptococcus pneumoniae,CMI","-,-,-,-"
222,rash cutáneo,C0015230,"fiebre,relación sexual","C0015967,C1314687#C0009990#C0009253","adenopatías,VIH","-,C0458074#C0019682"
223,"amigdalitis,exantema,hepatoesplenomegalia,pancitopenia,coagulopatía,insuficiencia respiratoria,placa","C0040425,C0015230,C0019214,C0030312,C0005779,C0035229,C0332461","fiebre,fiebre continua,se traslada,confusión,insuficiencia respiratoria","C0015967,C0424767,C0728827,C0009090,C0035229","virus de Epstein-Barr,hepatitis,infiltrados","C0042776 C0332285 -,C0019158,-"
224,"leucemia,neumonía,infiltrado,lesión,punción","C0023418,C0032285#C3714636,C0332448,C0332447#C1313971#C0221198,C0033119",signo del halo,C0233205,,
225,"tuberculosis pulmonar,tuberculosis","C0041327,C0041296","consumo excesivo de alcohol,tos,fiebre,régimen","C0560219,C0010200,C0015967,C0012155","expectoración,Mycobacterium tuberculosis","C0232515#C0038056,C0026926"
226,"diabetes mellitus tipo 2,exantema,petequias,leucopenia,gota","C0011860,C0015230,C0031256,C0023530#C0750394,C0018099#C1321095","fiebre,escalofríos,cefalea,leucopenia","C0015967,C0234192#C0085593#C0424790,C0018681,C0023530#C0750394","tiritona,artromialgias,elevación,malaria","-,-,C0439775,C1320124"
227,lesión ulcerosa,C0041582,"fiebre,malestar general,homosexuales,HIV negativo","C0015967,C0234215#C0231218,C0019900,C0481430",adenopatías,-
228,"hepatomegalia,hipergammaglobulinemia policlonal,infección por VIH,adherencia","C0019209,C0154254,C0019693,C0001511","Mujer,fiebre,síntomas","C0043210#C0015780#C0086418,C0015967,C1457887","focalidad infecciosa,elevación,VIH,poliartritis","-,C0439775,C0458074#C0019682,C0162323"
229,anemia ferropénica,C0162316#C0008272,,,aumento,C0442805
230,"adicción a drogas,hepatomegalia,ascitis","C1510472,C0019209,C0003962","Mujer,astenia,anorexia,pérdida de peso,ictericia,fiebre,dolor abdominal,problemas familiares,desorientación,asterixis,volumen","C0043210#C0015780#C0086418,C0004093#C3714552,C1971624,C0043096#C1285591,C0022346,C0015967,C0000737,C0424960,C0233407,C0232766,C0449468#C0178733","malnutrición,irritación","-,C0441723"
231,"enfermedad,disfagia","C0012634#C0039082,C0232520#C0011168","disfagia,líquidos,pirosis","C0232520#C0011168,C0444611#C1304698#C1697794#C0302908#C1704353,C0018834",impactaciones,-
232,colitis ulcerosa,C0009324#C2919828,Mujer,C0043210#C0015780#C0086418,brote,-
233,anemia,C0002871#C0221395#C1510654,"ictericia conjuntival,dolor abdominal","C0240962,C0000737",,
234,"anemia,hernia de hiato,divertículos","C0002871#C0221395#C1510654,C3489393,C0012817#C1510475","Mujer,dolores,ciego","C0043210#C0015780#C0086418,C0030193,C0332224#C0525065#C1278925#C0456909#C0007531",,
235,"ascitis a tensión,edemas,ascitis,masas","C0741244,C0013604,C0003962,C1306372#C0577559","Mujer,astenia,anorexia,adelgazamiento,edemas,signos,masas,hallazgos,líquido","C0043210#C0015780#C0086418,C0004093#C3714552,C1971624,C0332528,C0013604,C0311392,C1306372#C0577559,C0243095,C0444611#C1304698#C1697794#C0302908#C1704353",,
236,hiperparatiroidismo,C0020502,,,,
237,diabetes mellitus tipo 2,C0011860,"dieta,astenia","C0012155,C0004093#C3714552",,
238,,,,,,
239,"tumor neuroendocrino,tumor,quiste simple","C0206754,C0027651,C0037157","mujer,amenorrea,cólicos","C0043210#C0015780#C0086418,C0002453,C0423605#C0232488#C3665357",,
240,"irritación meníngea,lesión ocupante de espacio,adenoma hipofisario,hemorragia,desviación,compresión","C0025287,C0332562,C0032000,C0019080,C0185033#C0333051,C0332459#C1285497","Mujer,cefalea,signos,hemorragia","C0043210#C0015780#C0086418,C0018681,C0311392,C0019080","alteraciones,oftalmoplejia","-,-"
241,hiperpotasemia,C0020461,"Mujer,insuficiencia,tos persistente","C0043210#C0015780#C0086418,C0231179,C0562483","hipertensión,picor,alteración","-,-,-"
242,"ptosis palpebral,miosis,pinchazo,lesión","C0005745,C0728710#C0026205,C0439814#C0033119,C0332447#C1313971#C0221198","tos persistente,miosis","C0562483,C0728710#C0026205",sintomatología,-
243,,,"mujer,pupilas puntiformes","C0043210#C0015780#C0086418,C0235231",,
244,"neoplasia de páncreas,edema","C0030297,C0013604","dolor,edema","C0030193,C0013604",,
245,"enfermedad pulmonar obstructiva crónica,insuficiencia respiratoria,enfermedades","C0024117,C0035229,C0012634#C0039082","insuficiencia respiratoria,hallazgos","C0035229,C0243095","EPOC,poliglobulia","-,-"
246,"cirrosis hepática,ascitis,derrame pleural","C0023890,C0003962,C0032227",,,,
247,"derrame pleural,linfocitosis","C0032227,C0024282#C0853698",linfocitosis,C0024282#C0853698,atipias,-
248,,,sibilancias inspiratorias,C0231874,"asmático,agudización","-,-"
249,"colitis ulcerosa,cáncer","C0009324#C2919828,C1306459#C0936282#C0006826",,,,
250,"asma,alergia","C0004096#C0085129#C1319018#C1260881,C0020517",incapacidad,C0231172,pelo de gato,C0440419
251,"enfermedades,melenas,úlcera,sangrado","C0012634#C0039082,C0025222#C0222048,C0041582,C0019080","estómago normal,sangrado","C0577026,C0019080","sangre,restos hemáticos","C0005767,-"
252,"cirrosis hepática,edemas","C0023890,C0013604","distensión abdominal,malestar,fiebre,síntomas,edemas,líquido","C0000731,C0231218,C0015967,C1457887,C0013604,C0444611#C1304698#C1697794#C0302908#C1704353","bebedor,matidez","-,-"
253,"infección,hepatitis B","C0009450,C0019163",,,"virus,hepatitis B,VHB","C0019169,C0019169,-"
254,"cáncer,pólipo pediculado,carcinoma in situ,pólipo","C1306459#C0936282#C0006826,C0522622,C0007099,C0032584","aspecto normal,hallazgo,conducta","C1271005#C0233426#C0332441#C0700364,C0243095,C0004927",,
255,zonas,C0019360,"Mujer,tumoración,síntomas","C0043210#C0015780#C0086418,C0577559,C1457887",elementos neuroectodérmicos,C0013879 -
256,"diarrea crónica,úlceras,atrofia,lesión","C0401151,C0041582,C0333641#C0037154,C0332447#C1313971#C0221198","Mujer,acuosa","C0043210#C0015780#C0086418,C0443350","áreas friables,engrosada,denudación","C0205146 -,-,-"
257,"carcinoma ductal infiltrante de mama,tumor","C1134719,C0027651",Mujer,C0043210#C0015780#C0086418,neoplasia,C0573984
258,"hipotensión,complicación,infarto,derrame pericárdico","C0020649,C0009566#C2362589,C0021308,C0031039#C0349077","volumen,soplo","C0449468#C0178733,C0006318#C0018808",IAM,-
259,bloqueo,C0028778,"fiebre,disnea,insuficiencia,signos","C0015967,C0013404#C0553668,C0231179,C0311392",Streptococcus gallolyticus,-
260,lesión,C0332447#C1313971#C0221198,"Mujer,dolor torácico opresivo","C0043210#C0015780#C0086418,C1299600",crepitantes,-
261,edemas,C0013604,"Mujer,disnea,ortopnea,edemas","C0043210#C0015780#C0086418,C0013404#C0553668,C0085619,C0013604",crepitantes,-
262,hipertensión arterial,C0020538,insuficiencia,C0231179,dislipemia,-
263,,,"disnea,ortopnea,disnea paroxística nocturna,soplo holosistólico,ritmo de galope,ruido","C0013404#C0553668,C0085619,C1956415,C0232258,C0232200,C0006318",crepitantes,-
264,"diabetes mellitus,disminución,fibrilación auricular","C0011849,C0333668#C0547047,C0004238",capacidad,C0086035,"hipertensión,palpitaciones","-,-"
265,"complicación,úlcera gástrica,malabsorción","C0009566#C2362589,C0038358#C1275742,C0024523","dolor abdominal,distensión abdominal,diarrea","C0000737,C0000731,C0011991",,
266,"lesiones,lesión","C0332447#C1313971#C0221198,C0332447#C1313971#C0221198","fiebre,síntomas generales","C0015967,C0159028","estrías rojizas,herida","-,-"
267,"lesiones,erosiones,costras","C0332447#C1313971#C0221198,C0333307,C0205204",,,,
268,"lesiones,inflamación,erosiones","C0332447#C1313971#C0221198,C0021368#C0302158,C0333307",malestar general,C0234215#C0231218,"afectación,enrojecimiento","-,C0005874"
269,"eritrodermia,zonas","C0011606,C0019360","fiebre,malestar general,enfermedad primaria","C0015967,C0234215#C0231218,C0277554","piqueteado,zonas amarillentas","-,C0019360"
270,"tetralogía de Fallot,hipocalcemia","C0039685,C0020598","disfunción,voz nasal,retraso psicomotor","C0277785,C0566620,C0920289#C0233565#C0424230",,
271,"abuso de drogas,ausencia","C0013146,C1689985#C0014553","fumador,dolor costal,disnea,malestar general,tos seca,cianosis,sudoración,taquicardia,murmullo vesicular","C0337664,C0574068,C0013404#C0553668,C0234215#C0231218,C0850149,C0010520,C0038990,C0039231,C0231857","febrícula,taquipneico,tiraje,VIH","-,-,-,C0458074#C0019682"
272,vómitos,C0042963,"fiebre,cefalea,mialgias,dolor abdominal,ictericia,inyección conjuntival","C0015967,C0018681,C0231528,C0000737,C0022346,C1761613",náuseas,-
273,"leucocitosis,desviación","C0023518#C0750426,C0185033#C0333051","fiebre con escalofríos,confusión mental,mialgias,dolor intenso,signos,leucocitosis","C0085594,C0683369#C0813178,C0231528,C0458256,C0311392,C0023518#C0750426",signos flogóticos,C0311392 -
274,"derrame,derrame pleural","C0013687,C0032227","fiebre,tos,dolor en hemitórax izquierdo,síntomas,líquido","C0015967,C0010200,C0541828,C1457887,C0444611#C1304698#C1697794#C0302908#C1704353","líquido amarillento,células malignas","C0444611#C1304698#C1697794#C0302908#C1704353 -,C1269647#C0007634 C0205282"
275,"infección,lesión cutánea","C0009450,C0037284","mujer,molestia","C0043210#C0015780#C0086418,C0231218","adenopatías,dolorosas","-,-"
276,"artritis reumatoide,edemas,sedimento","C0003873,C0013604,C0333562","edemas,proteinuria","C0013604,C0033687",aumento,C0442805
277,,,síntomas,C1457887,"hipertensión,gonartrosis","-,-"
278,"hematoma,hiposfagma,versión","C0018944,C0271297,C2607870",,,diplopia,-
279,"miopía,cataratas","C0027092,C0086543#C1510497#C0563002",,,pérdida,-
280,"hematoma,hemorragias","C0018944,C0019080","hijo de,hemorragias","C0680063,C0019080",adormilado,-
281,"metamorfopsias,mácula,exudados,hemorragias,drusas","C0271185,C0332573,C0015388#C0311437,C0019080,C1260959#C0333440","Mujer,hemorragias","C0043210#C0015780#C0086418,C0019080","pérdida,desprendimiento","-,-"
282,"adenocarcinoma,masa","C0001418,C1306372#C0577559","síntomas,masa","C1457887,C1306372#C0577559",,
283,"adenocarcinoma,zona","C0001418,C0019360","parestesias,dolor lancinante","C0030554,C0278141#C0458257",,
284,"tumefacción,impotencia,derrame articular","C0038999,C0242350,C1253936#C0311222","tumefacción,dolor,impotencia,diarrea,líquido","C0038999,C0030193,C0242350,C0011991,C0444611#C1304698#C1697794#C0302908#C1704353","febricula,microorganismos","-,C0445623"
285,"artritis,pleuritis","C0003864,C0032231","artritis,eritema malar","C0003864,C0277942",,
286,defecto pupilar aferente,C0339662,"Mujer,anorexia,pérdida de peso,molestias","C0043210#C0015780#C0086418,C1971624,C0043096#C1285591,C0231218","dolorimiento,pérdida","-,-"
287,"estrechamiento,esclerosis","C0332463,C0036429",dolor inguinal,C0239783,,
288,,,"talalgia,rigidez matutina","C0231780,C0457086","dolor,cuadros diarreicos","C1719974,-"
289,"artritis aguda,derrame articular,depósitos","C0263678,C1253936#C0311222,C0442627#C0333562","calor,dolor","C0018837#C0232417,C0030193","febrícula,limitación,cristales romboidales,birrefringencia,depósitos radiodensos","-,C0449295,-,-,C0442627#C0333562"
290,"granulomatosis,sedimento","C0521173,C0333562",,,poliangeitis,-
291,,,,,"hiposmia,infertilidad","-,-"
292,,,"Niño de,nacimiento","C0680063,C1148523#C0005615",,
293,"quemadura eléctrica,contractura en flexión","C0006436,C0333068","palidez,ausencia de pulso","C0030232#C1275397,C0277899",,
294,bocio,C0018021,"mujer,ansiedad,nerviosismo,taquicardia,hiperreflexia","C0043210#C0015780#C0086418,C0003467,C0027769,C0039231,C0151889",pérdida,-
295,"poliuria,diabetes mellitus,visión borrosa","C0032617,C0011849,C0344232","poliuria,polidipsia,mareo,dolor epigástrico,visión borrosa,sudoración,temblor","C0032617,C1994994#C0085602,C0012833#C0220870,C0232493,C0344232,C0038990,C0040822#C1527384","pérdida,glucemia","-,C2585282"
296,cardiopatía isquémica,C0002962#C0151744,,,,
297,,,capaz de alimentarse,C2712077,,
298,hipercalcemia,C0020437,"mujer,fumadora","C0043210#C0015780#C0086418,C0337664",,
299,"nódulo,bulto,nódulo tiroideo,carcinoma,infiltración","C0028259,C0577559,C0040137#C0342115,C0007097,C0702249#C0332448","mujer,bulto","C0043210#C0015780#C0086418,C0577559",,
300,diabetes mellitus tipo 1,C0011854,"Mujer,hormigueos,dolor","C0043210#C0015780#C0086418,C0016579,C0030193",sensación de pies calientes,C0036658#C1455667 C0332285 C0424743 C0424743
301,"síncope,hipertensión arterial,gota,artrosis,depresión","C0039070#C0332521,C0020538,C0018099#C1321095,C0029408,C0011581#C1269683#C0025193#C0344315","caídas,mareo,síncope,caída,depresión","C0085639,C0012833#C0220870,C0039070#C0332521,C0085639,C0011581#C1269683#C0025193#C0344315",cambios posturales,C0443172 C0205278
302,"aborto espontáneo,enfermedad","C0000786,C0012634#C0039082","mujer,primigesta,gestación","C0043210#C0015780#C0086418,C0860096,C0549206#C0032961#C0549169",,
303,sangrado,C0019080,"Mujer,sangrado,hallazgos","C0043210#C0015780#C0086418,C0019080,C0243095",,
304,lesión,C0332447#C1313971#C0221198,Mujer,C0043210#C0015780#C0086418,,
305,"rectorragia,dismenorrea","C0267596#C0018932,C0013390","Mujer,dispareunia,disquecia,rectorragia,dismenorrea,dolor","C0043210#C0015780#C0086418,C1384606,C0237326,C0267596#C0018932,C0013390,C0030193",,
306,,,"gestación,cefalea,proteinuria","C0549206#C0032961#C0549169,C0018681,C0033687",hipertensión,-
307,,,mujer,C0043210#C0015780#C0086418,,
308,"valvulopatía reumática,necrosis cutánea","C0264757,C0151799",Mujer,C0043210#C0015780#C0086418,,
309,"anemia macrocítica,síndrome mielodisplásico","C0002886,C0026986",,,"origen carencial,SMD","C0439659 -,-"
310,"equimosis,petequias","C0013491,C0031256","mujer,equimosis","C0043210#C0015780#C0086418,C0013491",gingivorragia,-
311,"hematemesis,hipotensión","C0018926,C0020649","fiebre,escalofríos,dolor","C0015967,C0234192#C0085593#C0424790,C0030193",ulcus,-
312,"bultos,linfoma folicular,infiltrado,Linfoma folicular","C0577559,C0024301,C0332448,C0024301","Mujer,insuficiencia,bultos","C0043210#C0015780#C0086418,C0231179,C0577559","diabetes,HTA,NYHA,adenopatía,adenopatías","-,-,-,-,-"
313,"artritis reumatoide,desviación,purulenta,abscesos,parálisis facial,derrame pleural,leucocitosis con neutrofilia","C0003873,C0185033#C0333051,C0439665,C0000833,C0376175#C0015469,C0032227,C3665444#C1282609","fumador,cefalea,tos,anorexia,astenia,pérdida de peso,fiebre","C0337664,C0018681,C0010200,C1971624,C0004093#C3714552,C0043096#C1285591,C0015967","EPOC,cuadro gripal,expectoración,febrícula,trayectos fistulosos,infiltrados","-,-,C0232515#C0038056,-,-,-"
314,rinitis atópica,C0002103#C0035457,"Mujer,fumadora,tos","C0043210#C0015780#C0086418,C0337664,C0010200",sibilantes,-
315,"insuficiencia respiratoria aguda,atelectasia,hipoxemia","C0865850,C0004144,C0700292#C0242184","baja saturación de oxígeno,inestabilidad hemodinámica","C0746961,C0948268",,
316,"EPOC,cardiopatía isquémica,IAM,claudicación intermitente,disminución","C0024117,C0002962#C0151744,C0155626,C0021775,C0333668#C0547047","fumador,disnea,murmullo vesicular,sibilancias espiratorias","C0337664,C0013404#C0553668,C0231857,C0231875","exacerbación,EPOC,HTA","-,-,-"
317,hipocratismo,C0149651,hallazgo,C0243095,"fumador,EPOC","C0337671,-"
318,"cáncer de mama,osteoporosis,fractura,edema,tromboembolia pulmonar","C0006142#C0678222,C0029456,C0016658,C0013604,C0524702","mujer,caída,falta de aire,edema,dolor a la palpación","C0043210#C0015780#C0086418,C0085639,C0013404#C0553668,C0013604,C0234233",,
319,"disfonía,ventana aortopulmonar,neoplasia","C1527347#C1527344#C1527340#C0042940,C0003516,C0027651#C1882062","astenia,pérdida de peso,parálisis","C0004093#C3714552,C0043096#C1285591,C0522224#C0553727",ocupación,C0028811
320,,,"cefalea,hemianopsia","C0018681,C0018979",pérdida,-
321,masa,C1306372#C0577559,"cefalea,fiebre,rigidez de nuca,afasia,masa","C0018681,C0015967,C1320474#C0151315,C0003537,C1306372#C0577559","diticultad,hipodensidad","-,-"
322,"meningitis,vómitos","C0025289,C0042963","fiebre,cefalea","C0015967,C0018681",,
323,"lesión,glioma,epilepsia","C0332447#C1313971#C0221198,C0555198#C0017638,C0014544",,,pérdida,-
324,parkinsonismo,C0242422,"apraxia,habla","C0003635,C0600116#C0037817","mioclonias,fenómeno de mano alienígena,miembro extraño","-,- C0332285 C3714557#C1281583,C0015385"
325,,,"dificultad para encontrar las palabras,déficit","C0564227,C0162429",pérdida,-
326,,,"debilidad,disgeusia,hiperacusia,dolor,déficits,habla","C0424594#C0004093#C3714552,C0234297#C0013378#C1443073#C1282895,C0034880,C0030193,C0162429,C0600116#C0037817","sensación de sabor metálico,déficit,alteraciones","C0036658#C1455667 C0332285 C0240327 C0240327,C0011155,-"
327,"anisocoria,lesión","C0003079,C0332447#C1313971#C0221198","dolor intenso,inestabilidad de la marcha,tiene ptosis palpebral","C0458256,C0231686,C0423131",,
328,"fibrilación auricular,adenocarcinoma de próstata,enfermedad,hemiparesia derecha","C0004238,C0007112,C0012634#C0039082,C0457435",afasia,C0003537,HTA,-
329,,,mujer,C0043210#C0015780#C0086418,,
330,"microcefalia,retraso del crecimiento,cardiopatía congénita,hendiduras,micrognatia","C0025958,C0456070#C0015544#C0151686,C0152021#C0018798,C0332469,C0025990",recién nacido,C0021289#C2239178,"facies peculiar,microftalmia","C0282631 -,-"
331,"exantema,enantema,pápulas","C0015230,C0014034,C0332563","fiebre,pápulas","C0015967,C0332563",,
332,"enfermedad celíaca,dermatitis atópica,eritema,vómitos","C0007570#C3263720,C0011615#C2242769,C0041834,C0042963","embarazo,distensión abdominal,eritema","C0549206#C0032961#C0549169,C0000731,C0041834","asmática,deposiciones diarreicas","-,-"
333,"disfagia,hernia hiatal,alergia,lesiones","C0232520#C0011168,C3489393,C0020517,C0332447#C1313971#C0221198","niño de,pirosis,disfagia,hallazgos","C0680063,C0018834,C0232520#C0011168,C0243095",,
334,"rinorrea,secreciones,enfermedad","C1260880,C0012621,C0012634#C0039082","rinorrea,estornudos,tos,accesos de tos,cianosis,aspiración","C1260880,C0037383,C0010200,C0231911,C0010520,C0700198#C0349707",,
335,"dolor lumbar,masa","C0024031,C1306372#C0577559","mareo,masa,huele a orina","C0012833#C0220870,C1306372#C0577559,C0424802","INR de 5,pérdida","- C0332285 -,-"
336,deformidad,C0302142,"soltero,deformidad","C0037179,C0302142",asimetri,-
337,,,"Mujer,síntomas,tristeza,anhedonia,astenia,anorexia,energía,capaz de dormir","C0043210#C0015780#C0086418,C1457887,C0344315#C3536794,C0178417,C0004093#C3714552,C1971624,C0424589,C2364286","episodios depresivos,decaimiento,episodio depresivo,hiperactiva,irritable","C0332189 -,-,C0332189,C0443272,-"
338,"vómitos,enfermedad","C0042963,C0012634#C0039082","síntomas,dolor de cabeza,mareos,dolor,distensión abdominal","C1457887,C0018681,C0012833#C0220870,C0030193,C0000731","pérdida,irregularidades","-,-"
339,,,"malestar,conducta,comportamiento","C0231218,C0004927,C0004927",,
340,,,"niño de,dolor dorsal","C0680063,C0004604",,
341,"trastorno alimentario,susto","C0013473#C0184548,C0015726#C0520700","ansiedad,trastorno alimentario,susto","C0003467,C0013473#C0184548,C0015726#C0520700",,
342,,,"dolor,progresión tumoral","C0030193,C0178874",,
343,"esclerosis múltiple,depresión psicótica","C0026769,C0270458","capaz de comer,líquidos,actuaciones","C0566305,C0444611#C1304698#C1697794#C0302908#C1704353,C0699820",,
344,"fibrosis quística,mucoviscidosis,les,enfermedad","C0010674#C1527396#C0016033,C0010674#C1527396#C0016033,C1292157#C0409974,C0012634#C0039082","homocigoto,portadores,les","C0019904,C0560175,C1292157#C0409974",,
345,"enfermedad de Duchenne,enfermedad","C0039223#C1282408,C0012634#C0039082","varones,portadora","C0086582,C0560175",,
346,"hipertensión arterial,infarto agudo de miocardio,complicación","C0020538,C0155626,C0009566#C2362589","Mujer,disnea,soplo sistólico,frémito","C0043210#C0015780#C0086418,C0013404#C0553668,C0232257,C0231890",elevación,C0439775
347,"enfermedad renal crónica,fibrilación auricular permanente","C0403447,C2586056",insuficiencia,C0231179,"cardiopatia,dlsfunción","-,-"
348,,,"dolor,disnea,taquipnea,presión venosa yugular elevada,pulso paradójico","C0030193,C0013404#C0553668,C0231835,C0520861,C0232118",cuadro febril,- C0015967
349,"demencia,leucocitosis,acidosis metabólica,fibrilación auricular","C0497327,C0023518#C0750426,C0220981,C0004238","Mujer,dolor abdominal,distensión abdominal,leucocitosis,insuficiencia","C0043210#C0015780#C0086418,C0000737,C0000731,C0023518#C0750426,C0231179","deterioro,acumatosis","C1279889,-"
350,"fosa,inflamación,absceso","C0332471,C0021368#C0302158,C0000833","Mujer,dolor abdominal,fiebre","C0043210#C0015780#C0086418,C0000737,C0015967",,
351,"reducción,adenocarcinoma","C0333668,C0001418","hematoquezia,tenesmo,mal pronóstico","C0018932,C0232726,C0278252",metastasis,-
352,"enfermedad de Cushing,macroadenoma hipofisario","C0221406,C0346308",,,,
353,infecciones,C0009450,"mujer,obesa","C0043210#C0015780#C0086418,C0028754",diabética,-
354,trastorno,C0012634#C0039082,"mujer,amenorrea secundaria","C0043210#C0015780#C0086418,C0232940",,
355,poliuria,C0032617,"Mujer,poliuria,polidipsia,diuresis","C0043210#C0015780#C0086418,C0032617,C1994994#C0085602,C0012797",,
356,disfagia,C0232520#C0011168,disfagia,C0232520#C0011168,ictus,-
357,,,"Mujer,masa palpable,hallazgos","C0043210#C0015780#C0086418,C0746412,C0243095","cuadro confusional,disfonia","-,-"
358,"leucocitosis,desviación,neumonía,infecciones,sedimento","C0023518#C0750426,C0185033#C0333051,C0032285#C3714636,C0009450,C0333562","fiebre,escalofríos,leucocitosis,soplos,piuria","C0015967,C0234192#C0085593#C0424790,C0023518#C0750426,C0006318#C0018808,C0034359","taquipnéico,cocos grampositivos","-,C0009210"
359,secreción,C0012621,disuria,C0013428,quemazón,-
360,neutropenia,C0027947#C0001824#C1534864#C1576411#C0853697,"Mujer,neutropenia,tos,fiebre,disnea,pesar,múltiples nódulos pulmonares","C0043210#C0015780#C0086418,C0027947#C0001824#C1534864#C1576411#C0853697,C0010200,C0015967,C0013404#C0553668,C1879338#C0018235,C0748164",expectoración,C0232515#C0038056
361,deterioro,C1265875#C0684336#C0231171,"fiebre,deterioro","C0015967,C1265875#C0684336#C0231171","Plasmodium falciparum,parasitemia","-,-"
362,,,"portador,fiebre","C0560175,C0015967","ictus,tiritona","-,-"
363,"inflamación,pus","C0021368#C0302158,C0034161","fiebre,dolor,malestar general,actuaciones","C0015967,C0030193,C0234215#C0231218,C0699820",herida,-
364,,,"Mujer,fiebre,escalofríos,cefalea,mialgias,tos no productiva,dolor","C0043210#C0015780#C0086418,C0015967,C0234192#C0085593#C0424790,C0018681,C0231528,C0850149,C0030193","proceso gripal,infiltrados","C1522240 -,-"
365,"consolidación,infección por VIH","C0702116,C0019693","tos productiva,dolor pleurítico,fiebre","C0239134,C0008033,C0015967",estertores,-
366,"infección por Trypanosoma cruzi,enfermedad","C0041234,C0012634#C0039082","Mujer,mujer,embarazo,actuaciones","C0043210#C0015780#C0086418,C0043210#C0015780#C0086418,C0549206#C0032961#C0549169,C0699820",,
367,lesiones,C0332447#C1313971#C0221198,"Mujer,Menopausia,embarazos,sangrado vaginal,molestias,conductas","C0043210#C0015780#C0086418,C0025320#C0567312,C0549206#C0032961#C0549169,C0426196,C0231218,C0004927",,
368,,,"Mujer,relación sexual,utiliza preservativo,flujo vaginal anormal","C0043210#C0015780#C0086418,C1314687#C0009990#C0009253,C0420877,C0476354","dolor,movilización,dolorosa","C1719974,C0185112,-"
369,,,Mujer,C0043210#C0015780#C0086418,,
370,"lesión,zona,carcinoma escamoso","C0332447#C1313971#C0221198,C0019360,C0007137",Mujer,C0043210#C0015780#C0086418,coitorragias,-
371,"cáncer de mama,ganglio centinela,carcinoma ductal Infiltrante","C0006142#C0678222,C0272401#C0677944,C1412014#C1176475","Mujer,comorbilidades","C0043210#C0015780#C0086418,C1275743",afectación,-
372,abortos,C0156543#C1281512,"Mujer,embarazo a término","C0043210#C0015780#C0086418,C0232991",,
373,"Sangrado,mioma","C0019080,C0027086","Mujer,gestaciones,Sangrado,pesar,cantidad de flujo menstrual","C0043210#C0015780#C0086418,C0549206#C0032961#C0549169,C0019080,C1879338#C0018235,C0425949",,
374,"hematuria macroscópica,glomerulonefritis","C0473237,C0017658",,,,
375,,,"hallazgos,proteinuria,factor reumatoide negativo","C0243095,C0033687,C0427391",orinas espumosas,C0042036 -
376,"edema de papila,masa,edema,desviación,herniación","C0030353,C1306372#C0577559,C0013604,C0185033#C0333051,C0019270","Mujer,crisis,signos,edema de papila,masa,edema,dolor de cabeza,cefalea","C0043210#C0015780#C0086418,C0231224,C0311392,C0030353,C1306372#C0577559,C0013604,C0018681,C0018681","crisis epilépticas,signos piramidales izquierdos","C0231224 -,C0311392 - C0205091"
377,"parálisis de la mirada vertical,lesión","C0339652,C0332447#C1313971#C0221198","niño de,cefalea","C0680063,C0018681",diplopia,-
378,,,"déficit,sensibilidad vibratoria,torpeza","C0162429,C0234198#C0576682,C0233844",pérdida,-
379,disminución,C0333668#C0547047,"dolor en la cara,hipoestesia,ausencia de reflejo","C0015468,C0020580#C0028643,C0234146",,
380,,,"mujer,crisis epiléptica,aura,automatismos,amnesia","C0043210#C0015780#C0086418,C0036572#C0014544,C0236018,C0004377,C0002622",olor desagradable,-
381,"enfermedad,trastornos","C0012634#C0039082,C0012634#C0039082","temblor,disartria","C0040822#C1527384,C0013362","distonia,enfermedad psiquiátrica","-,C0012634#C0039082 C0205487"
382,atrofia,C0333641#C0037154,"mujer,debilidad,sensibilidad,signo de Babinski","C0043210#C0015780#C0086418,C0424594#C0004093#C3714552,C1264642#C0439823#C0312418,C0034935",fasciculaciones,-
383,,,disartria,C0013362,"hipertenso,hemiplejia,alteraciones","-,-,-"
384,glaucoma primario de ángulo abierto,C0339573,presión,C0460139,"diabético,asmático","-,-"
385,adenoma pleomorfo,C0026277,"dolor,sudoración","C0030193,C0038990",enrojecimiento,C0005874
386,"traumatismo,fractura,infección","C3263723,C0016658,C0009450",energía,C0424589,,
387,traumatismo,C3263723,"Mujer,omalgia","C0043210#C0015780#C0086418,C0231655",diabética,-
388,"esguince,síncope,hipotensión,defectos","C0038045#C0409497,C0039070#C0332521,C0020649,C1457869#C0231172","disnea,mareo,síncope,signos,defectos","C0013404#C0553668,C0012833#C0220870,C0039070#C0332521,C0311392,C1457869#C0231172",hípertensién,-
389,escoliosis idiopática,C0595995,signo,C0311392,premenárquica,-
390,,,"Mujer,dificultad para caminar,dolor leve,debilidad,disestesias","C0043210#C0015780#C0086418,C0311394,C0278138,C0424594#C0004093#C3714552,C0392699",,
391,,,,,"dolor,febrícula","C1719974,-"
392,"fibrilación auricular,cardiopatía isquémica","C0004238,C0002962#C0151744","Mujer,caída,dolor intenso","C0043210#C0015780#C0086418,C0085639,C0458256","EPOC,HTA,dislipemia,acortamiento","-,-,-,C0441636"
393,"obesidad,diabetes mellitus tipo 2,hipertensión arterial","C0028754#C0451819#C1563743,C0011860,C0020538","Mujer,dolor,dolor difuso","C0043210#C0015780#C0086418,C0030193,C0520963","dislipemia,dolor,trauma,globulosa,varo,osteofitos,pinzamiento","-,C1719974,-,-,-,-,-"
394,"deformidad en dorso de tenedor,impotencia,lesión","C0264141,C0242350,C0332447#C1313971#C0221198","Niño de,impotencia","C0680063,C0242350",,
395,"tumefacción,impotencia","C0038999,C0242350","Mujer,obesa,caída,dolor,tumefacción,impotencia","C0043210#C0015780#C0086418,C0028754,C0085639,C0030193,C0038999,C0242350",,
396,dolor lumbar,C0024031,claudicación,C1456822#C0311395,,
397,"fractura de la tibia,fractura oblicua,pseudoartrosis,atrófica,supuración,zona","C0040185,C0332711,C0033785,C0333641#C0037154,C0012621,C0019360","Mujer,caída","C0043210#C0015780#C0086418,C0085639","diabética,hipertensa,herida","-,-,-"
398,trastorno bipolar,C0005586,"temblor,ataxia,disartria","C0040822#C1527384,C0004134,C0013362","mioclonías,fasciculaciones","-,-"
399,"síncope,secuelas,hipertrofia ventricular izquierda","C0039070#C0332521,C0543419#C1368999,C0149721","síncope,secuelas,soplo sistólico,ritmo sinusal","C0039070#C0332521,C0543419#C1368999,C0232257,C0232201",hipertenso,-
400,"traumatismo,múltiples fracturas costales,hipoxemia,deterioro","C3263723,C0272567,C0700292#C0242184,C1265875#C0684336#C0231171",deterioro,C1265875#C0684336#C0231171,,
401,,,"Varón,timpanismo","C0086582,C0000731#C1291077",hipofonesis,-
402,"purulenta,neumonía","C0439665,C0032285#C3714636","fiebre,tos,disnea,confusión","C0015967,C0010200,C0013404#C0553668,C0009090","expectoración,crepitantes","C0232515#C0038056,-"
403,,,"Mujer,disuria,poliaquiuria,fiebre,escalofríos,taquipneica","C0043210#C0015780#C0086418,C0013428,C0042023,C0015967,C0234192#C0085593#C0424790,C0231835","dislipemia,deterioro,gravedad,taquicárdica","-,C1279889,C0282189#C0439793,-"
404,,,"torpeza,cefalea,disnea","C0233844,C0018681,C0013404#C0553668",,
405,compresiones,C0332459#C1285497,"mujer,actuaciones","C0043210#C0015780#C0086418,C0699820",parada,-
406,,,relleno capilar,C0425716,,
407,"epilepsia,conjuntivitis,lesiones","C0014544,C0009763,C0332447#C1313971#C0221198","fiebre,odinofagia","C0015967,C0221150",,
408,,,"Mujer,discapacidad","C0043210#C0015780#C0086418,C0231170","retraso,menarquia","-,-"
409,síndrome del cromosoma X frágil,C0016667,"mujer,portadora","C0043210#C0015780#C0086418,C0560175",,
410,linfocitosis,C0024282#C0853698,linfocitosis,C0024282#C0853698,,
411,leucemia aguda,C0085669#C1378512#C1378511,"Mujer,fiebre","C0043210#C0015780#C0086418,C0015967",lascélulas,-
412,"epistaxis,equimosis,esplenomegalia,trombocitopenia","C0014591,C0013491,C0038002,C0040034","equimosis,trombocitopenia,tamaño aumentado","C0013491,C0040034,C0332509",,
413,"lesión,zona","C0332447#C1313971#C0221198,C0019360","Mujer,debilidad,dolor articular,palidez","C0043210#C0015780#C0086418,C0424594#C0004093#C3714552,C0003862,C0030232#C1275397",,
414,"ganglio centinela,carcinoma ductal infiltrante","C0272401#C0677944,C1412014#C1176475","Mujer,comorbilidades","C0043210#C0015780#C0086418,C1275743",,
415,,,"masa mediastínica,nódulo hepático","C0240318#C0025063,C0745761",,
416,"ptosis palpebral,masa,lesión","C0005745,C1306372#C0577559,C0332447#C1313971#C0221198","fumador,masa","C0337664,C1306372#C0577559","dolor,invasión","C1719974,-"
417,"disfagia,carcinoma epidermoide","C0232520#C0011168,C0007137","disfagia,tumoración","C0232520#C0011168,C0577559",adenopatías,-
418,"sangrado,tumor","C0019080,C0027651","dolor abdominal,sangrado,tumoración abdominal","C0000737,C0019080,C0000734",,
419,"insuficiencia renal crónica,vómitos","C0403447,C0042963","Niño de,malestar general","C0680063,C0234215#C0231218",palpitaciones,-
420,disminución,C0333668#C0547047,"dificultad respiratoria,retracción,roncus,soplos","C0013404#C0553668,C0332523,C0035508,C0006318#C0018808",espiración,C0231800
421,,,"Niño de,volumen","C0680063,C0449468#C0178733",vello,C0221988
422,"trastorno obsesivo-compulsivo,infección","C0028768,C0009450","niño de,tics","C0680063,C0040188",TOC,-
423,"derivación,demencia","C1442858#C0542331,C0497327","problemas,somnoliento","C0033213,C0013144","desorientado,nervioso,delirium","-,-,-"
424,"fosa,leucocitosis,sangre oculta en heces,divertículos,lesiones","C0332471,C0023518#C0750426,C0266813,C0012817#C1510475,C0332447#C1313971#C0221198","Varón,dolor abdominal,diarrea,fiebre,leucocitosis,dolor a la palpación","C0086582,C0000737,C0011991,C0015967,C0023518#C0750426,C0234233","productos patológicos,afectación,irritación","- C1521733,-,C0441723"
425,"colesterolosis,dilatación","C0333577,C0012359","Varón,ictericia,dolor abdominal,pérdida de peso,prurito generalizado,dolores,hígado normal","C0086582,C0022346,C0000737,C0043096#C1285591,C0475858,C0030193,C0577059","coluria,acolia","-,-"
426,infiltrado,C0332448,"Mujer,diarrea,acuosa","C0043210#C0015780#C0086418,C0011991,C0443350","hipertensa,lumbociática,infiltrado inflamatorio","-,-,C0332448 C0333348"
427,"diverticulitis,colitis por Clostridium difficile","C0012813,C0238106","fiebre,diarrea","C0015967,C0011991",,
428,"angioedema,urticaria,alergia,diabetes mellitus tipo 2,hipertensión arterial,hipotiroidismo,enfermedad de Parkinson","C0002994,C0221232#C0042109,C0020517,C0011860,C0020538,C0020676,C0030567",,,"aparatoso,dislipemia","-,-"
429,,,"dolor,estimular","C0030193,C0562576",,
430,"múltiples fracturas costales,derrame pleural,drenaje","C0272567,C0032227,C0012621#C0013103#C0180499","Varón,dolor en hemitórax izquierdo,disnea,líquido","C0086582,C0541828,C0013404#C0553668,C0444611#C1304698#C1697794#C0302908#C1704353","hipofonesis,matidez,líquido hemático","-,-,C0444611#C1304698#C1697794#C0302908#C1704353"
431,"coma,hipertensión arterial,diabetes mellitus,enfermedad crónica,desnutrición","C0009421,C0020538,C0011849,C0008679,C0162429","coma,hábitos,signos","C0009421,C0018464,C0311392",hábitos tóxicos,C0018464 -
432,,,"varón,pulso filiforme,signos","C0086582,C0232132,C0311392","pálido,sudoroso","C1971630#C0017651,-"
433,"migraña,erupción cutánea,náuseas y vómitos","C0149931,C0015230,C0027498","mujer,disnea","C0043210#C0015780#C0086418,C0013404#C0553668",ronquera,-
434,,,"mujer,agresión sexual,agresión,actuaciones","C0043210#C0015780#C0086418,C0233953,C0001807,C0699820",,
435,exantema,C0015230,,,"manchas rojas,pruriginoso","- C1260956,C0439707"
436,diabetes mellitus tipo 2,C0011860,"Mujer,pesar,aumento de peso","C0043210#C0015780#C0086418,C1879338#C0018235,C0043094",mal control,C0205169 C2587213
437,"infección,punción,granulomas","C0009450,C0033119,C0018188",fiebre,C0015967,"VIH,adenopatías,bacilos ácido-alcohol","-,-,C0004587"
438,fibrilación auricular,C0004238,Mujer,C0043210#C0015780#C0086418,ictus,-
439,"tabaquismo,modelo","C0040332#C0040336#C1306274#C0425291,C0335295#C0302143","Mujer,gonalgia","C0043210#C0015780#C0086418,C0231749",,
440,,,,,,
441,"obesidad,migraña","C0028754#C0451819#C1563743,C0149931","Mujer,registros","C0043210#C0015780#C0086418,C0079809#C0421433",,
442,"edemas,microhematuria,hipoalbuminemia,hipercolesterolemia","C0013604,C0239937,C0239981,C0020443","edemas,proteinuria,función renal normal","C0013604,C0033687,C0232805",,
443,"enfermedad renal crónica,hiperpotasemia","C0403447,C0020461",debilidad general,C0004093#C3714552,"ERC,alteraciones","-,-"
444,lesión,C0332447#C1313971#C0221198,hipoestesia,C0020580#C0028643,,
445,"aborto espontáneo,proliferación","C0000786,C0334094","mujer,embarazo,sangrado vaginal,fiebre,dolor","C0043210#C0015780#C0086418,C0549206#C0032961#C0549169,C0426196,C0015967,C0030193",,
446,"síndrome,neoplasia endocrina múltiple,nódulo,nódulos,lesiones,proliferación,depósitos,hendiduras,metástasis","C0012634#C0039082,C0027662#C0311355,C0028259,C0028259,C0332447#C1313971#C0221198,C0334094,C0442627#C0333562,C0332469,C2939419#C0013930","Mujer,portadora","C0043210#C0015780#C0086418,C0560175","mutación,calcificaciones,depósitos de amiloide,pseudoinclusiones","-,C1533591,C0442627#C0333562 C0332285 C0011560,-"
447,induración cutánea,C0241075,"reflujo gastroesofágico,palidez,exposición al frío,dolor articular,malestar general,cefalea,taquicardia","C0017168,C0030232#C1275397,C0231275,C0003862,C0234215#C0231218,C0018681,C0039231",,
448,"edemas,disminución,leucopenia","C0013604,C0333668#C0547047,C0023530#C0750394","Mujer,edemas,diuresis,fiebre,rash malar,leucopenia","C0043210#C0015780#C0086418,C0013604,C0012797,C0015967,C0277942,C0023530#C0750394",,
449,amaurosis fugaz,C0149793,"Varón,cefalea,claudicación,engrosamiento,ausencia de pulso","C0086582,C0018681,C1456822#C0311395,C0205400,C0277899","hipertenso,deterioro","-,C1279889"
450,"lesión,masa,sarcoma","C0332447#C1313971#C0221198,C1306372#C0577559,C1299262#C1261473",masa,C1306372#C0577559,"circulación colateral,adenopatías","C0009348,-"
451,"alergia,anisakiasis","C0020517,C2711266#C0162576#C1262481",,,Anisakis simplex,-
452,,,Mujer,C0043210#C0015780#C0086418,rinoconjuntivitis,-
453,,,"astenia,disnea,dolor,soplo sistólico","C0004093#C3714552,C0013404#C0553668,C0030193,C0232257",crepitantes,-
454,"fibrilación auricular crónica,bloqueo aurículo-ventricular","C0694539,C0004245",Mujer,C0043210#C0015780#C0086418,,
455,"síndrome de Wolff-Parkinson-White,taquicardia irregular,fibrilación auricular","C0043202,C0392191,C0004238","Varón,QRS ancho,taquicardia","C0086582,C0235475,C0039231",palpitaciones,-
456,"hipertensión arterial,alcalosis metabólica compensada","C0020538,C0268051","Varón,pesar,sedimento urinario","C0086582,C1879338#C0018235,C2945609#C1261248",mal control,C0205169 C2587213
457,edemas,C0013604,"Mujer,insuficiencia,edemas","C0043210#C0015780#C0086418,C0231179,C0013604",,
458,"lesiones,tabaquismo,hipertensión arterial,ensanchamiento,aneurisma de aorta torácica descendente,trombo","C0332447#C1313971#C0221198,C0040332#C0040336#C1306274#C0425291,C0020538,C0332464,C1388233,C0087086#C0003148#C0040053",Varón,C0086582,dislipemia,-
459,fibrilación auricular permanente,C2586056,"Varón,dolor,cianosis,déficit,sensibilidad","C0086582,C0030193,C0010520,C0162429,C1264642#C0439823#C0312418",frialdad,-
460,"exantema,zona,secreciones,lengua aframbuesada,eritema,edema","C0015230,C0019360,C0012621,C0426499#C0267043,C0041834,C0013604","fiebre,inyección conjuntival,lengua aframbuesada,eritema,edema","C0015967,C1761613,C0426499#C0267043,C0041834,C0013604",adenopatía,-
461,"placa,picadura de insecto,lesión,psoriasis,placas,alergias","C0332461,C0021564#C0079626,C0332447#C1313971#C0221198,C0033860,C0332461,C0020517","molestias,se rasca","C0231218,C0424374",,
462,"diabetes mellitus tipo 2,dislipidemia,cardiopatía isquémica,pancreatitis","C0011860,C0242339,C0002962#C0151744,C0030305",Varón,C0086582,"HTA,origen biliar","-,C0439659"
463,gastroparesia diabética,C0267176,"Mujer,distensión abdominal,síntomas","C0043210#C0015780#C0086418,C0000731,C1457887","diabetes,náuseas","-,-"
464,,,,,,
465,"glucosuria,diabetes mellitus","C0017980#C0017979,C0011849","Varón,obeso,glucosuria","C0086582,C0028754,C0017980#C0017979",bebedor,C0337677
466,síndrome,C0012634#C0039082,"Mujer,febril,parestesias","C0043210#C0015780#C0086418,C0015967,C0030554",esquistocitos,C0221282
467,lupus eritematoso sistémico,C0024141,"Mujer,debilidad,palidez,actuación","C0043210#C0015780#C0086418,C0424594#C0004093#C3714552,C0030232#C1275397,C0699820",,
468,,,"Mujer,taquicardia,soplos","C0043210#C0015780#C0086418,C0039231,C0006318#C0018808",sensación disneica,C0036658#C1455667 -
469,"tuberculosis activa,trombosis venosa profunda","C0151332,C0149871","fiebre,tos","C0015967,C0010200",,
470,enfermedad renal crónica,C0403447,,,,
471,"enfermedad renal crónica,nefropatía diabética","C0403447,C0011881",Mujer,C0043210#C0015780#C0086418,,
472,"síndrome,infección urinaria,rash cutáneo,sedimento","C0012634#C0039082,C0042029,C0015230,C0333562","Mujer,artralgias,insuficiencia","C0043210#C0015780#C0086418,C0003862,C0231179","síndrome miccional,mal estado","C0012634#C0039082 -,C0205169 C0449438#C1301808"
473,"eritema,sedimento","C0041834,C0333562","Varón,eritema,autoinmunidad,proteinuria","C0086582,C0041834,C0004368,C0033687","cuadro catarral,leucocituria","-,-"
474,"microhematuria,enfermedades","C0239937,C0012634#C0039082","Varón,proteinuria,hipoacusia","C0086582,C0033687,C1384666",,
475,"infección respiratoria,retinopatía hipertensiva,sedimento","C0035243,C0152132,C0333562","Varón,astenia,malestar general,oliguria,cefalea,proteinuria,hallazgos","C0086582,C0004093#C3714552,C0234215#C0231218,C0028961,C0018681,C0033687,C0243095",,
476,edemas,C0013604,"Mujer,edemas","C0043210#C0015780#C0086418,C0013604",cuadro confusional,-
477,"diabetes mellitus tipo 2,nefropatía diabética","C0011860,C0011881",Mujer,C0043210#C0015780#C0086418,,
478,"Les,enfermedad de Alzheimer","C1292157#C0409974,C0002395","Mujer,fallos,Les,síntomas","C0043210#C0015780#C0086418,C0231174,C1292157#C0409974,C1457887",deprimida,-
479,"hipertensión arterial,diabetes mellitus,fibrilación auricular,compresión","C0020538,C0011849,C0004238,C0332459#C1285497","Mujer,incapacidad,disnomia","C0043210#C0015780#C0086418,C0231172,C0003113","alteración,jergafasia","-,-"
480,,,"Mujer,crisis,febriles,fumadora","C0043210#C0015780#C0086418,C0231224,C0015967,C0337664",sensación epigástrica ascendente,C0036658#C1455667 - C0205385
481,"lagrimeo,rinorrea","C2363241#C0152227,C1260880","Varón,cefaleas,crisis de dolor,rinorrea","C0086582,C0018681,C0231225,C1260880",,
482,"migrañas,demencia,leucoencefalopatía","C0149931,C0497327,C0270612",Varón,C0086582,"pérdida,focalidad","-,-"
483,"hemorragia subaracnoidea,aneurisma,hemorragia,deterioro","C0038525,C0002940,C0019080,C1265875#C0684336#C0231171","Varón,capacidad,hemorragia,deterioro","C0086582,C0086035,C0019080,C1265875#C0684336#C0231171",rotura,-
484,"traumatismo craneoencefálico,hemorragia intraparenquimatosa","C0018674,C2937358","Varón,accidente laboral","C0086582,C0000930#C0586557",,
485,"traumatismo craneoencefálico,conmoción,náuseas y vómitos","C0018674,C0006107,C0027498","Mujer,caída,amnesia,cefalea","C0043210#C0015780#C0086418,C0085639,C0002622,C0018681",pérdida,-
486,,,"Varón,fumador,sensación de hormigueo,ritmo sinusal","C0086582,C0337664,C0423572,C0232201","hipertenso,pérdida","-,-"
487,dolor lumbar,C0024031,Varón,C0086582,mal,C0205169
488,,,"Mujer,portadora,calor","C0043210#C0015780#C0086418,C0560175,C0018837#C0232417",palpitaciones,-
489,,,Mujer,C0043210#C0015780#C0086418,"menopaúsica,manchado","-,-"
490,ausencia,C1689985#C0014553,"Primigesta,cefalea,edad gestacional","C0860096,C0018681,C0460089#C0017504",esquistocitos,C0221282
491,,,Mujer,C0043210#C0015780#C0086418,,
492,"bulto,lesión","C0577559,C0332447#C1313971#C0221198","Mujer,bulto","C0043210#C0015780#C0086418,C0577559",,
493,,,"Varón,hiperemia conjuntival,sensación de cuerpo extraño","C0086582,C1761613,C0423602",afectación,-
494,visión borrosa,C0344232,"Mujer,dolor ocular,cefalea,visión borrosa","C0043210#C0015780#C0086418,C0151827,C0018681,C0344232",,
495,"rubor,lipotimias,hipopotasemia,masa","C0332575#C0016382#C0005874,C0041657#C0424531#C0332521,C0020621#C1971021#C0032827,C1306372#C0577559","Mujer,diarrea,acuoso,rubor,enrojecimiento facial,lipotimias,dolor abdominal,cólico,masa","C0043210#C0015780#C0086418,C0011991,C0443350,C0332575#C0016382#C0005874,C0016382,C0041657#C0424531#C0332521,C0000737,C0423605#C0232488#C3665357,C1306372#C0577559",,
496,"catarro,exudado","C1384493#C0333273,C0015388#C0311437","catarro,dificultad respiratoria,sibilancias espiratorias","C1384493#C0333273,C0013404#C0553668,C0231875",virus respiratorio sincitial,C0042776 - -
497,"hipotensión,vómitos,petequias,equimosis","C0020649,C0042963,C0031256,C0013491","Niño de,fiebre,signos,equimosis","C0680063,C0015967,C0311392,C0013491",meníngeos,-
498,"fractura osteoporótica,fracturas","C0521170,C0016658",Mujer,C0043210#C0015780#C0086418,fragilidad,C0302113
499,"coágulos,proptosis,mucosa eritematosa,costras,microhematuria","C0302148,C0015300,C1446312,C0205204,C0239937","Varón,astenia,obstrucción nasal,dolor en el ojo,proteinuria","C0086582,C0004093#C3714552,C0027429,C0151827,C0033687","febrícula,asimetría","-,C0332514"
500,,,"Mujer,dolor,rigidez,fiebre,cefalea","C0043210#C0015780#C0086418,C0030193,C0427008#C0026837,C0015967,C0018681",afectación,-
501,síndrome,C0012634#C0039082,"Mujer,sobrepeso,dolor","C0043210#C0015780#C0086418,C0497406,C0030193","hipertensión,dislipemia,síndrome metabólico,dolor","-,-,C0012634#C0039082,C1719974"
502,"traumatismo,contractura","C3263723,C0009917","Varón,dolor agudo,parestesias","C0086582,C0184567,C0030554","pérdida,dolorosa","-,-"
503,,,"Varón,dolor en la pierna derecha,dolor intenso","C0086582,C0564823,C0458256",sobrecarga,C0337091
504,"dislipidemia,osteoporosis,deterioro,fractura","C0242339,C0029456,C1265875#C0684336#C0231171,C0016658","Mujer,deterioro,caída","C0043210#C0015780#C0086418,C1265875#C0684336#C0231171,C0085639",HTA,-
505,lesiones,C0332447#C1313971#C0221198,"Varón,gonalgia,dolor","C0086582,C0231749,C0030193",,
506,"escoliosis idiopática,giba","C0595995,C0022821",Mujer,C0043210#C0015780#C0086418,menarquia,-
507,"traumatismo,fractura,complicaciones,fracturas","C3263723,C0016658,C0009566#C2362589,C0016658",,,,
